Id,Label,timeset,Degree,Weighted Degree,Eccentricity,closnesscentrality,harmonicclosnesscentrality,betweenesscentrality,Authority,Hub,modularity_class,pageranks,componentnumber,clustering,triangles,eigencentrality
Pranela Rameshwar,Pranela Rameshwar,,4,8,2,0.583333,0.642857,0,0,0,0,0.00186,0,1,6,0.026809
Indra Smith,Indra Smith,,4,8,2,0.583333,0.642857,0,0,0,0,0.00186,0,1,6,0.026809
Norman Ende,Norman Ende,,14,24,1,1,1,85,0,0,0,0.007528,0,0.065934,6,0.049139
Hani E Batarseh,Hani E Batarseh,,4,8,2,0.583333,0.642857,0,0,0,0,0.00186,0,1,6,0.026809
Nicholas M Ponzio,Nicholas M Ponzio,,4,8,2,0.583333,0.642857,0,0,0,0,0.00186,0,1,6,0.026809
Jong Yoon,Jong Yoon,,2,2,3,0.448276,0.512821,0,0,0,31,0.001235,1,1,1,0.008661
Vijay Raghavan,Vijay Raghavan,,6,6,3,0.52,0.666667,42,0,0,31,0.003786,1,0.066667,1,0.014763
Larry Kerschberg,Larry Kerschberg,,4,9,2,0.590909,0.653846,42,0,0,31,0.002269,1,0.333333,2,0.015824
Benjamin E. Wolfe,Benjamin E. Wolfe,,4,4,2,0.558824,0.605263,3.75,0,0,1,0.001932,2,0.833333,5,0.029295
Jeri L. Parrent,Jeri L. Parrent,,4,4,2,0.558824,0.605263,3.75,0,0,1,0.001932,2,0.833333,5,0.029295
Alexander M. Koch,Alexander M. Koch,,4,4,3,0.395833,0.482456,1.5,0,0,1,0.001921,2,0.5,3,0.021285
Benjamin A. Sikes,Benjamin A. Sikes,,18,24,2,0.95,0.973684,162.5,0,0,1,0.010281,2,0.019608,3,0.064423
Monique Gardes,Monique Gardes,,4,4,2,0.558824,0.605263,3.75,0,0,1,0.001932,2,0.833333,5,0.029295
John F. Harms,John F. Harms,,8,13,1,1,1,28,0,0,2,0.006104,3,0,0,0.016554
Danny R. Welch,Danny R. Welch,,1,6,2,0.533333,0.5625,0,0,0,2,0.000865,3,0,0,0.005126
Aristides Dikos,Aristides Dikos,,3,3,4,0.413043,0.464912,0,0,0,3,0.001643,4,1,3,0.058005
Peter C. Nelson,Peter C. Nelson,,40,59,3,0.662791,0.815789,1451.5,0,0,3,0.023707,4,0.008974,7,0.251317
Thomas M. Tirpak,Thomas M. Tirpak,,8,16,4,0.428571,0.508772,115.5,0,0,3,0.004299,4,0.214286,6,0.081788
Weihsin Wang,Weihsin Wang,,3,3,4,0.413043,0.464912,0,0,0,3,0.001643,4,1,3,0.058005
Kenichi Kimura,Kenichi Kimura,,12,12,5,0.342466,0.4515,388.730882,0,0,4,0.003932,5,0.333333,22,0.26348
David A Low,David A Low,,9,11,5,0.333333,0.428167,230.379709,0,0,4,0.002987,5,0.388889,14,0.209801
David M Keller,David M Keller,,6,10,6,0.266667,0.342,2.347076,0,0,4,0.001971,5,0.666667,10,0.117109
Scott L Davis,Scott L Davis,,12,16,6,0.271003,0.372,490.130409,0,0,4,0.004522,5,0.151515,10,0.146931
Craig G Crandall,Craig G Crandall,,5,5,6,0.266667,0.338667,5.182668,0,0,4,0.00168,5,0.7,7,0.100599
Brian Looney,Brian Looney,,2,2,3,0.393939,0.461538,0,0,0,5,0.001315,6,1,1,0.006253
Joshua Birkebak,Joshua Birkebak,,2,2,3,0.393939,0.461538,0,0,0,5,0.001315,6,1,1,0.006253
P. Brandon Matheny,P. Brandon Matheny,,4,10,2,0.590909,0.653846,50,0,0,5,0.002536,6,0.166667,1,0.012923
Michael L. Barnett,Michael L. Barnett,,34,53,6,0.318471,0.501333,2672.5,0,0,17,0.022545,6,0,0,0.16456
Gloria Cahill,Gloria Cahill,,1,4,7,0.242131,0.303833,0,0,0,17,0.00078,5,0,0,0.027259
Peiying Li,Peiying Li,,20,32,3,0.568345,0.624473,327.899495,0.30516,0.30516,27,0.007757,7,0.184211,35,0.481145
Yu Gan,Yu Gan,,8,9,3,0.519737,0.546414,42.463636,0.194899,0.194899,27,0.003,7,0.571429,16,0.307032
Leilei Mao,Leilei Mao,,8,10,3,0.512987,0.542194,47.222222,0.184068,0.184068,27,0.00307,7,0.464286,13,0.289948
Rehana Leak,Rehana Leak,,10,12,4,0.383495,0.441983,90.834848,0.152989,0.152989,27,0.003816,7,0.177778,8,0.23751
Jun Chen,Jun Chen,,6,15,3,0.51634,0.535865,52.882828,0.167939,0.167939,27,0.0023,7,0.666667,10,0.264852
Sanae Inagami,Sanae Inagami,,4,4,4,0.495575,0.52381,16.875,0,0,15,0.001878,8,0.666667,4,0.097206
Deborah A. Cohen,Deborah A. Cohen,,12,20,3,0.54902,0.60119,403.375,0,0,15,0.005869,8,0.121212,8,0.135432
Brian Karl Finch,Brian Karl Finch,,38,66,4,0.643678,0.803571,1052,0,0,15,0.019138,8,0.007112,5,0.301214
Steven M. Asch,Steven M. Asch,,3,3,4,0.459016,0.491071,0,0,0,15,0.00146,8,1,3,0.072539
Enrique Diaz-Guzman,Enrique Diaz-Guzman,,25,58,2,0.903226,0.946429,364,0,0,6,0.015324,9,0.006667,2,0.101121
Shambhu Aryal,Shambhu Aryal,,5,14,3,0.538462,0.583333,53.5,0,0,6,0.003062,9,0.2,2,0.03255
David M. Mannino,David M. Mannino,,2,16,3,0.509091,0.529762,0,0,0,6,0.001258,9,1,1,0.02511
William E. Mayo,William E. Mayo,,4,4,4,0.465116,0.554167,0,0,0,7,0.001905,10,1,6,0.02894
Zwi Kalman,Zwi Kalman,,4,4,4,0.465116,0.554167,0,0,0,7,0.001905,10,1,6,0.02894
Mark C. Croft,Mark C. Croft,,5,5,3,0.526316,0.6,75,0,0,7,0.00242,10,0.6,6,0.031196
Joseph Wilder,Joseph Wilder,,15,16,4,0.625,0.829167,154,0,0,7,0.008236,10,0.057143,6,0.054556
Richard Mammone,Richard Mammone,,4,4,4,0.465116,0.554167,0,0,0,7,0.001905,10,1,6,0.02894
Tanya Michelle Ramond,Tanya Michelle Ramond,,3,3,5,0.36747,0.42377,0,0,0,20,0.001625,11,1,3,0.041614
Carl Weimer,Carl Weimer,,5,5,4,0.455224,0.505464,225.5,0,0,20,0.002634,11,0.4,4,0.067279
Michael Andrew Lefsky,Michael Andrew Lefsky,,28,34,5,0.432624,0.628689,1032.5,0,0,20,0.016234,11,0.007937,3,0.147679
Leslie F. Ruppert,Leslie F. Ruppert,,1,1,6,0.271111,0.299727,0,0,0,20,0.000685,11,0,0,0.007184
B. Donley,B. Donley,,4,4,5,0.369697,0.431967,60,0,0,20,0.0022,11,0.5,3,0.043319
William W. Adams,William W. Adams,,48,96,3,0.846154,0.927273,1435.75,0,0,8,0.030364,12,0,0,0.330007
Barbara Demmig-Adams,Barbara Demmig-Adams,,5,29,2,0.52381,0.545455,185,0,0,8,0.002922,12,0,0,0.062808
Suman Das,Suman Das,,1,2,1,1,1,0,0,0,9,0.001447,13,0,0,0.001526
Diane J. Cook,Diane J. Cook,,1,2,1,1,1,0,0,0,9,0.001447,13,0,0,0.001526
Barry A. Garst,Barry A. Garst,,8,15,3,0.652174,0.755556,31.833333,0,0,10,0.003679,13,0.178571,5,0.036084
Sarah Baughman,Sarah Baughman,,12,24,2,0.833333,0.9,66.333333,0,0,10,0.005411,13,0.136364,9,0.050346
Nancy K. Franz,Nancy K. Franz,,2,8,3,0.517241,0.555556,0,0,0,10,0.000991,14,1,1,0.017619
Michel Cukier,Michel Cukier,,5,9,4,0.452174,0.508013,18,0,0,11,0.002444,14,0.5,5,0.073008
Jennifer Ren,Jennifer Ren,,4,6,4,0.448276,0.498397,16,0,0,11,0.001959,15,0.666667,4,0.065625
Paul Rubel,Paul Rubel,,5,8,4,0.452174,0.508013,16.25,0,0,11,0.002386,14,0.7,7,0.074927
David E. Bakken,David E. Bakken,,42,77,3,0.753623,0.88141,1276.25,0,0,11,0.025085,14,0.006969,6,0.271897
David A. Karr,David A. Karr,,4,11,4,0.448276,0.498397,0.25,0,0,11,0.001962,15,0.833333,5,0.07053
Isabel K. Darcy,Isabel K. Darcy,,2,2,2,0.52381,0.545455,0,0,0,14,0.001371,16,1,1,0.019367
Stephen D. Levene,Stephen D. Levene,,22,28,1,1,1,230,0,0,14,0.014782,15,0.004329,1,0.075922
Robert G. Scharein,Robert G. Scharein,,2,2,2,0.52381,0.545455,0,0,0,14,0.001371,16,1,1,0.019367
John Wall,John Wall,,7,7,1,1,1,20,0,0,23,0.004798,16,0.047619,1,0.015209
William Schweiker,William Schweiker,,2,2,2,0.583333,0.642857,0,0,0,23,0.001391,17,1,1,0.007331
W. David Hall,W. David Hall,,2,2,2,0.583333,0.642857,0,0,0,23,0.001391,17,1,1,0.007331
Lynn Zechiedrich,Lynn Zechiedrich,,1,1,2,0.511628,0.522727,0,0,0,14,0.000788,16,0,0,0.01525
David Low,David Low,,5,9,6,0.265252,0.335333,29.930869,0,0,4,0.001745,5,0.5,5,0.08055
David Keller,David Keller,,2,7,7,0.21322,0.257714,0,0,0,4,0.000817,5,1,1,0.024151
Scott Davis,Scott Davis,,8,11,6,0.26455,0.343667,179.911195,0,0,4,0.00285,5,0.107143,3,0.108638
Chad A. Williams,Chad A. Williams,,1,1,4,0.401408,0.44152,0,0,0,3,0.000721,4,0,0,0.037291
Jian Cui,Jian Cui,,7,23,5,0.3367,0.4265,218.794165,0,0,4,0.002392,5,0.333333,7,0.186831
Rehana K. Leak,Rehana K. Leak,,69,112,3,0.849462,0.92827,2830.698485,0.610177,0.610177,27,0.035673,7,0.009378,22,1
Zheng Jing,Zheng Jing,,1,1,4,0.461988,0.481013,0,0.065337,0.065337,27,0.000657,7,0,0,0.107715
Xiaoming Hu,Xiaoming Hu,,5,7,3,0.512987,0.529536,51.549495,0.148229,0.148229,27,0.001973,7,0.6,6,0.234814
Yanqin Gao,Yanqin Gao,,4,5,3,0.509677,0.523207,51.216162,0.12736,0.12736,27,0.001655,7,0.5,3,0.203189
Vicraj T. Thomas,Vicraj T. Thomas,,1,1,4,0.433333,0.466346,0,0,0,11,0.000725,15,0,0,0.039689
Hen-Ming Wu,Hen-Ming Wu,,1,1,2,0.511628,0.522727,0,0,0,14,0.000788,16,0,0,0.01525
D. Phuong Do,D. Phuong Do,,2,8,4,0.46281,0.488095,12.375,0,0,15,0.001048,8,0,0,0.068745
Ricardo Basurto-Davila,Ricardo Basurto-Davila,,1,2,5,0.394366,0.437202,0,0,0,15,0.000645,8,0,0,0.041039
Chloe E. Bird,Chloe E. Bird,,2,6,4,0.46281,0.488095,12.375,0,0,15,0.001048,8,0,0,0.068745
Jose J. Escarce,Jose J. Escarce,,1,1,5,0.394366,0.437202,0,0,0,15,0.000645,8,0,0,0.041039
Scott Lael Powell,Scott Lael Powell,,1,1,6,0.303483,0.365301,0,0,0,20,0.00071,11,0,0,0.024034
Nick Lyman,Nick Lyman,,1,1,6,0.303483,0.365301,0,0,0,20,0.00071,11,0,0,0.024034
Mark E. Berman,Mark E. Berman,,1,1,4,0.433333,0.466346,0,0,0,11,0.000725,15,0,0,0.039689
James Megquier,James Megquier,,2,3,4,0.440678,0.479167,0,0,0,11,0.00114,15,1,1,0.050232
Bonnie J. Miller-McLemore,Bonnie J. Miller-McLemore,,1,1,2,0.538462,0.571429,0,0,0,23,0.0008,17,0,0,0.004741
Jong P. Yoon,Jong P. Yoon,,3,8,3,0.481481,0.564103,3.5,0,0,31,0.001716,1,0.666667,2,0.012138
Scott R. Saleska,Scott R. Saleska,,1,1,6,0.303483,0.365301,0,0,0,20,0.00071,11,0,0,0.024034
Yosio Edemir Shimabukuro,Yosio Edemir Shimabukuro,,1,1,6,0.303483,0.365301,0,0,0,20,0.00071,11,0,0,0.024034
Dalton de Morisson Valeriano,Dalton de Morisson Valeriano,,1,1,6,0.303483,0.365301,0,0,0,20,0.00071,11,0,0,0.024034
Anjan Bose,Anjan Bose,,2,7,3,0.5,0.512821,352,0,0,11,0.001323,15,0,0,0.045325
J. Shovic,J. Shovic,,1,1,4,0.433333,0.466346,0,0,0,11,0.000725,15,0,0,0.039689
Peter C Nelson,Peter C Nelson,,5,6,4,0.35625,0.397661,218,0,0,13,0.003544,17,0,0,0.015753
James Haran,James Haran,,1,1,5,0.263889,0.283333,0,0,0,13,0.000819,4,0,0,0.004189
John Dillenburg,John Dillenburg,,4,5,3,0.508929,0.52924,696,0,0,13,0.002541,4,0,0,0.050009
John J. Battles,John J. Battles,,1,1,6,0.303483,0.365301,0,0,0,20,0.00071,11,0,0,0.024034
Kristen M. Waring,Kristen M. Waring,,2,2,4,0.442029,0.478142,108.5,0,0,20,0.00121,11,0,0,0.047684
P. Gonzalez,P. Gonzalez,,1,1,6,0.303483,0.365301,0,0,0,20,0.00071,11,0,0,0.024034
C. Ryan Zarter,C. Ryan Zarter,,1,2,4,0.462185,0.483333,0,0,0,8,0.000754,12,0,0,0.046615
Kristine E. Mueh,Kristine E. Mueh,,1,2,4,0.462185,0.483333,0,0,0,8,0.000754,12,0,0,0.046615
Vâ€™eronique Amiard,Vâ€™eronique Amiard,,1,1,4,0.462185,0.483333,0,0,0,8,0.000754,12,0,0,0.046615
Brian K. Finch,Brian K. Finch,,24,30,3,0.504505,0.645833,542.5,0,0,15,0.011382,8,0.01087,3,0.202441
Robert A. Hummer,Robert A. Hummer,,2,7,4,0.46281,0.488095,12.375,0,0,15,0.001048,8,0,0,0.068745
Scott L. Davis,Scott L. Davis,,45,124,4,0.440529,0.631667,3771.407114,0,0,4,0.020302,5,0.028283,28,0.526079
Manabu Shibasaki,Manabu Shibasaki,,5,15,5,0.334448,0.4165,181.210703,0,0,4,0.001816,5,0.3,3,0.154013
David A. Low,David A. Low,,17,73,5,0.340136,0.464833,377.841906,0,0,4,0.00608,5,0.176471,24,0.303677
David M. Keller,David M. Keller,,8,36,5,0.330033,0.419833,8.679079,0,0,4,0.002716,5,0.535714,15,0.221135
W. W. Adams,W. W. Adams,,18,27,1,1,1,153,0,0,12,0.012756,18,0,0,0.053349
B. Demmig-Adams,B. Demmig-Adams,,1,6,2,0.514286,0.527778,0,0,0,12,0.000819,18,0,0,0.011797
Sunyoung Lee,Sunyoung Lee,,1,3,7,0.242131,0.303833,0,0,0,17,0.00078,5,0,0,0.027259
Yongli Zhang,Yongli Zhang,,1,1,2,0.511628,0.522727,0,0,0,14,0.000788,16,0,0,0.01525
Nina T. Bhatti,Nina T. Bhatti,,1,1,4,0.433333,0.466346,0,0,0,11,0.000725,15,0,0,0.039689
Matti A. Hiltunen,Matti A. Hiltunen,,1,1,4,0.433333,0.466346,0,0,0,11,0.000725,15,0,0,0.039689
Richard D. Schlichting,Richard D. Schlichting,,2,3,4,0.440678,0.479167,51,0,0,11,0.001423,15,0,0,0.041707
Melissa A. Korkmas,Melissa A. Korkmas,,1,1,5,0.306748,0.364,0,0,0,4,0.000601,5,0,0,0.062425
Craig G. Crandall,Craig G. Crandall,,5,24,5,0.326797,0.404833,0.861111,0,0,4,0.001775,5,0.8,8,0.171258
Elliot M. Frohman,Elliot M. Frohman,,1,4,5,0.306748,0.364,0,0,0,4,0.000601,5,0,0,0.062425
Weidong Xiao,Weidong Xiao,,1,1,4,0.401408,0.44152,0,0,0,3,0.000721,4,0,0,0.037291
Thomas Michael Tirpak,Thomas Michael Tirpak,,1,1,4,0.401408,0.44152,0,0,0,3,0.000721,4,0,0,0.037291
Lawrence J. Henschen,Lawrence J. Henschen,,1,1,4,0.401408,0.44152,0,0,0,3,0.000721,4,0,0,0.037291
Aimee Bower,Aimee Bower,,3,4,4,0.491228,0.514881,12.375,0,0,15,0.001464,8,0.666667,2,0.087415
Narayan Sastry,Narayan Sastry,,3,4,4,0.491228,0.514881,12.375,0,0,15,0.001464,8,0.666667,2,0.087415
E. T. A. Mitchard,E. T. A. Mitchard,,1,1,6,0.303483,0.365301,0,0,0,20,0.00071,11,0,0,0.024034
Lynn R. Budgeon,Lynn R. Budgeon,,1,1,2,0.533333,0.5625,0,0,0,2,0.000865,3,0,0,0.005126
Neil D. Christensen,Neil D. Christensen,,1,1,2,0.533333,0.5625,0,0,0,2,0.000865,3,0,0,0.005126
Michael Lefsky,Michael Lefsky,,9,10,5,0.291866,0.384426,452,0,0,19,0.006292,19,0,0,0.022814
Michael Guzy,Michael Guzy,,1,1,6,0.226766,0.265301,0,0,0,19,0.000811,11,0,0,0.006061
T. M Tirpak,T. M Tirpak,,2,2,4,0.404255,0.450292,0,0,0,3,0.001254,4,1,1,0.044002
Wenwu Xiao,Wenwu Xiao,,2,2,4,0.404255,0.450292,0,0,0,3,0.001254,4,1,1,0.044002
R. Anne Stetler,R. Anne Stetler,,4,5,3,0.5,0.516878,12.555556,0.135265,0.135265,27,0.001629,7,0.666667,4,0.214318
Joshua M. Birkebak,Joshua M. Birkebak,,7,11,3,0.590909,0.730769,57,0,0,5,0.004894,20,0,0,0.015942
Carl H. Hauser,Carl H. Hauser,,1,8,4,0.433333,0.466346,0,0,0,11,0.000725,15,0,0,0.039689
Deborah A. Frincke,Deborah A. Frincke,,1,1,4,0.433333,0.466346,0,0,0,11,0.000725,15,0,0,0.039689
F. C Czygan,F. C Czygan,,1,1,2,0.514286,0.527778,0,0,0,12,0.000819,18,0,0,0.011797
Ute Schreiber,Ute Schreiber,,1,1,2,0.514286,0.527778,0,0,0,12,0.000819,18,0,0,0.011797
O. L. Lange,O. L. Lange,,1,2,2,0.514286,0.527778,0,0,0,12,0.000819,18,0,0,0.011797
David J. Roberts,David J. Roberts,,1,1,6,0.303483,0.365301,0,0,0,20,0.00071,11,0,0,0.024034
S. Bhowmik,S. Bhowmik,,1,1,4,0.433333,0.466346,0,0,0,11,0.000725,15,0,0,0.039689
Peter Nelson,Peter Nelson,,8,11,4,0.37013,0.432749,371,0,0,13,0.005571,21,0,0,0.023095
Abram Lipman,Abram Lipman,,1,3,5,0.271429,0.296491,0,0,0,13,0.000809,4,0,0,0.00582
Mary Arnold,Mary Arnold,,1,1,3,0.46875,0.5,0,0,0,10,0.0006,14,0,0,0.010147
Heather H. Boyd,Heather H. Boyd,,1,2,3,0.46875,0.5,0,0,0,10,0.0006,14,0,0,0.010147
June P. Mead,June P. Mead,,1,1,3,0.46875,0.5,0,0,0,10,0.0006,14,0,0,0.010147
Vijay V. Raghavan,Vijay V. Raghavan,,7,9,3,0.565217,0.717949,45.5,0,0,31,0.00415,22,0.095238,2,0.018598
Jerzy W. Grzymala-busse,Jerzy W. Grzymala-busse,,1,1,4,0.371429,0.435897,0,0,0,31,0.000721,1,0,0,0.00518
Qing-huo Liu,Qing-huo Liu,,1,1,4,0.371429,0.435897,0,0,0,31,0.000721,1,0,0,0.00518
Chris Smith,Chris Smith,,3,5,2,0.555556,0.6,2,0,0,10,0.001379,14,0.666667,2,0.023812
Brian Peters,Brian Peters,,3,5,2,0.555556,0.6,2,0,0,10,0.001379,14,0.666667,2,0.023812
John F. Dillenburg,John F. Dillenburg,,1,3,4,0.401408,0.44152,0,0,0,3,0.000721,4,0,0,0.037291
Nancy K. Franz Dr.,Nancy K. Franz Dr.,,2,2,3,0.517241,0.555556,0,0,0,10,0.000991,14,1,1,0.017619
Richard W. Seidel,Richard W. Seidel,,2,4,3,0.517241,0.555556,0,0,0,10,0.000991,14,1,1,0.017619
Paul J Fadel,Paul J Fadel,,1,1,7,0.213675,0.256048,0,0,0,4,0.000537,5,0,0,0.018509
Gina M Remington,Gina M Remington,,1,1,7,0.213675,0.256048,0,0,0,4,0.000537,5,0,0,0.018509
Melissa A Korkmas,Melissa A Korkmas,,1,1,7,0.213675,0.256048,0,0,0,4,0.000537,5,0,0,0.018509
Tadao Murata,Tadao Murata,,1,2,4,0.401408,0.44152,0,0,0,3,0.000721,4,0,0,0.037291
Onno Muller,Onno Muller,,2,4,4,0.478261,0.5,30.166667,0,0,8,0.001266,12,0,0,0.051568
Christopher M. Cohu,Christopher M. Cohu,,1,5,4,0.462185,0.483333,0,0,0,8,0.000754,12,0,0,0.046615
Peter C Nelson Ph.D.,Peter C Nelson Ph.D.,,2,2,4,0.343373,0.362573,56,0,0,13,0.001474,4,0,0,0.00986
Govindjee,Govindjee,,1,1,4,0.462185,0.483333,0,0,0,8,0.000754,12,0,0,0.046615
Timothy G. Pollock,Timothy G. Pollock,,1,6,7,0.242131,0.303833,0,0,0,17,0.00078,5,0,0,0.027259
Prasad Palacharla,Prasad Palacharla,,1,1,5,0.271429,0.296491,0,0,0,13,0.000809,4,0,0,0.00582
Janet Warpinski,Janet Warpinski,,1,1,4,0.401408,0.44152,0,0,0,3,0.000721,4,0,0,0.037291
C. H. Foyer,C. H. Foyer,,1,1,2,0.514286,0.527778,0,0,0,12,0.000819,18,0,0,0.011797
P. M. Mullineaux,P. M. Mullineaux,,1,1,2,0.514286,0.527778,0,0,0,12,0.000819,18,0,0,0.011797
Diem Phuong Do,Diem Phuong Do,,2,2,4,0.46281,0.488095,12.375,0,0,15,0.001048,8,0,0,0.068745
Teresa Seeman,Teresa Seeman,,2,3,4,0.46281,0.488095,12.375,0,0,15,0.001048,8,0,0,0.068745
Melonie Heron,Melonie Heron,,2,4,4,0.46281,0.488095,12.375,0,0,15,0.001048,8,0,0,0.068745
Tamara Dubowitz,Tamara Dubowitz,,1,1,5,0.394366,0.437202,0,0,0,15,0.000645,8,0,0,0.041039
Matthew F. Bumpus,Matthew F. Bumpus,,1,1,4,0.405405,0.45,0,0,0,10,0.000608,14,0,0,0.007472
Ryan J. Gagnon,Ryan J. Gagnon,,1,1,4,0.405405,0.45,0,0,0,10,0.000608,14,0,0,0.007472
Wolfgang Bilger,Wolfgang Bilger,,1,1,4,0.462185,0.483333,0,0,0,8,0.000754,12,0,0,0.046615
Feng Zhang,Feng Zhang,,5,10,3,0.512987,0.529536,51.549495,0.148229,0.148229,27,0.001973,7,0.6,6,0.234814
Hassan H. Sulaiman,Hassan H. Sulaiman,,2,2,3,0.490683,0.50211,0,0.098013,0.098013,27,0.000986,7,1,1,0.157736
Zhongfang Weng,Zhongfang Weng,,2,4,3,0.490683,0.50211,0,0.098013,0.098013,27,0.000986,7,1,1,0.157736
Teresa E. Seeman,Teresa E. Seeman,,1,1,5,0.394366,0.437202,0,0,0,15,0.000645,8,0,0,0.041039
Abolfazl Mohammadian,Abolfazl Mohammadian,,1,1,5,0.256757,0.270175,0,0,0,13,0.000844,4,0,0,0.002709
Audrey N. Beck,Audrey N. Beck,,2,3,4,0.46281,0.488095,12.375,0,0,15,0.001048,8,0,0,0.068745
Mary Beth Miele,Mary Beth Miele,,1,1,2,0.533333,0.5625,0,0,0,2,0.000865,3,0,0,0.005126
Abolfazl (Kouros) Mohammadian,Abolfazl (Kouros) Mohammadian,,1,1,4,0.401408,0.44152,0,0,0,3,0.000721,4,0,0,0.037291
David J. Klein,David J. Klein,,2,3,4,0.46281,0.488095,12.375,0,0,15,0.001048,8,0,0,0.068745
Nathan Orr,Nathan Orr,,1,1,5,0.394366,0.437202,0,0,0,15,0.000645,8,0,0,0.041039
Ralph C. Catalano,Ralph C. Catalano,,1,1,5,0.394366,0.437202,0,0,0,15,0.000645,8,0,0,0.041039
Raymond W. Novaco,Raymond W. Novaco,,1,1,5,0.394366,0.437202,0,0,0,15,0.000645,8,0,0,0.041039
William A. Vega,William A. Vega,,2,8,4,0.46281,0.488095,12.375,0,0,15,0.001048,8,0,0,0.068745
Richard E. Schantz,Richard E. Schantz,,1,5,4,0.433333,0.466346,0,0,0,11,0.000725,15,0,0,0.039689
John A. Zinky,John A. Zinky,,1,2,4,0.433333,0.466346,0,0,0,11,0.000725,15,0,0,0.039689
David Baker,David Baker,,1,1,4,0.462185,0.483333,0,0,0,8,0.000754,12,0,0,0.046615
Barry A. Logan,Barry A. Logan,,2,5,4,0.470085,0.495455,15.083333,0,0,8,0.00126,12,0,0,0.051069
David R. Bowling,David R. Bowling,,1,2,4,0.462185,0.483333,0,0,0,8,0.000754,12,0,0,0.046615
Bohdan Kolody,Bohdan Kolody,,2,4,4,0.46281,0.488095,12.375,0,0,15,0.001048,8,0,0,0.068745
Samuel A. Echevarria,Samuel A. Echevarria,,1,1,4,0.337349,0.379464,0,0,0,15,0.00062,8,0,0,0.027706
Patrick Panciatici,Patrick Panciatici,,1,4,4,0.433333,0.466346,0,0,0,11,0.000725,15,0,0,0.039689
Stephen C. Grace,Stephen C. Grace,,1,2,4,0.462185,0.483333,0,0,0,8,0.000754,12,0,0,0.046615
Nelson Lim,Nelson Lim,,1,2,5,0.394366,0.437202,0,0,0,15,0.000645,8,0,0,0.041039
William Perez,William Perez,,1,2,5,0.394366,0.437202,0,0,0,15,0.000645,8,0,0,0.041039
John Zinky,John Zinky,,1,1,4,0.433333,0.466346,0,0,0,11,0.000725,15,0,0,0.039689
Barry A Garst,Barry A Garst,,6,10,3,0.576923,0.677778,16.833333,0,0,10,0.002735,13,0.266667,4,0.029409
Jonathan E. Wingo,Jonathan E. Wingo,,2,4,6,0.261097,0.317,0.666667,0,0,4,0.000803,5,0,0,0.05874
Jeff Hastings,Jeff Hastings,,1,1,6,0.254453,0.301167,0,0,0,4,0.000521,5,0,0,0.034628
Donald M. Crothers,Donald M. Crothers,,1,5,2,0.511628,0.522727,0,0,0,14,0.000788,16,0,0,0.01525
Guodong Cao,Guodong Cao,,3,3,3,0.496855,0.510549,12.222222,0.114395,0.114395,27,0.00131,7,0.666667,2,0.182693
Kenneth P. Dallmeyer,Kenneth P. Dallmeyer,,1,1,4,0.401408,0.44152,0,0,0,3,0.000721,4,0,0,0.037291
Lukasz M. Szybalski,Lukasz M. Szybalski,,1,1,4,0.401408,0.44152,0,0,0,3,0.000721,4,0,0,0.037291
Tom P. Palarz,Tom P. Palarz,,1,1,4,0.401408,0.44152,0,0,0,3,0.000721,4,0,0,0.037291
Michael Wieher,Michael Wieher,,1,1,4,0.401408,0.44152,0,0,0,3,0.000721,4,0,0,0.037291
Stanley D. Smith,Stanley D. Smith,,1,1,4,0.462185,0.483333,0,0,0,8,0.000754,12,0,0,0.046615
Autar K. Mattoo,Autar K. Mattoo,,1,1,4,0.462185,0.483333,0,0,0,8,0.000754,12,0,0,0.046615
Richard Schantz,Richard Schantz,,1,1,4,0.433333,0.466346,0,0,0,11,0.000725,15,0,0,0.039689
Kelly R. Evenson,Kelly R. Evenson,,1,2,4,0.356688,0.375,0,0,0,15,0.000633,8,0,0,0.01867
John Elder,John Elder,,2,4,3,0.373333,0.39881,91.5,0,0,15,0.001152,8,0,0,0.022215
Diane Catellier,Diane Catellier,,1,2,4,0.356688,0.375,0,0,0,15,0.000633,8,0,0,0.01867
P. Nelson,P. Nelson,,1,1,1,1,1,0,0,0,16,0.001447,19,0,0,0.001526
J. Hicks,J. Hicks,,1,1,1,1,1,0,0,0,16,0.001447,19,0,0,0.001526
Anestis A. Toptsis,Anestis A. Toptsis,,1,2,4,0.401408,0.44152,0,0,0,3,0.000721,4,0,0,0.037291
Alexis N. Martinez,Alexis N. Martinez,,1,1,5,0.394366,0.437202,0,0,0,15,0.000645,8,0,0,0.041039
Brian R. Edlin,Brian R. Edlin,,2,2,4,0.46281,0.488095,12.375,0,0,15,0.001048,8,0,0,0.068745
Chi Zhou,Chi Zhou,,1,3,4,0.401408,0.44152,0,0,0,3,0.000721,4,0,0,0.037291
Weimin Xiao,Weimin Xiao,,2,5,4,0.410072,0.45614,0,0,0,3,0.001178,4,1,1,0.049493
Christina Daly,Christina Daly,,1,1,6,0.303483,0.365301,0,0,0,20,0.00071,11,0,0,0.024034
Beverly E. Law,Beverly E. Law,,1,1,6,0.303483,0.365301,0,0,0,20,0.00071,11,0,0,0.024034
David J. Harding,David J. Harding,,2,9,4,0.442029,0.478142,108.5,0,0,20,0.00121,11,0,0,0.047684
Warren B. Cohen,Warren B. Cohen,,2,10,4,0.442029,0.478142,108.5,0,0,20,0.00121,11,0,0,0.047684
Michael A. Keller,Michael A. Keller,,1,1,6,0.303483,0.365301,0,0,0,20,0.00071,11,0,0,0.024034
Michael Eugene Miller,Michael Eugene Miller,,1,1,6,0.303483,0.365301,0,0,0,20,0.00071,11,0,0,0.024034
K. R. Sherrill,K. R. Sherrill,,1,2,6,0.303483,0.365301,0,0,0,20,0.00071,11,0,0,0.024034
Hans H. K. Andersen,Hans H. K. Andersen,,1,1,6,0.303483,0.365301,0,0,0,20,0.00071,11,0,0,0.024034
Margaret Mary Keller,Margaret Mary Keller,,1,2,6,0.303483,0.365301,0,0,0,20,0.00071,11,0,0,0.024034
Yanping Pang,Yanping Pang,,1,2,6,0.303483,0.365301,0,0,0,20,0.00071,11,0,0,0.024034
M. O. Hunter,M. O. Hunter,,1,1,6,0.303483,0.365301,0,0,0,20,0.00071,11,0,0,0.024034
Plinio B. de Camargo,Plinio B. de Camargo,,2,2,4,0.442029,0.478142,108.5,0,0,20,0.00121,11,0,0,0.047684
Joseph P. Loyall,Joseph P. Loyall,,1,1,4,0.433333,0.466346,0,0,0,11,0.000725,15,0,0,0.039689
Keryn B. Gedan,Keryn B. Gedan,,1,1,3,0.5,0.517544,0,0,0,1,0.000703,2,0,0,0.013083
Robert M. Salomon,Robert M. Salomon,,1,6,7,0.242131,0.303833,0,0,0,17,0.00078,5,0,0,0.027259
Michael Barnett,Michael Barnett,,7,11,4,0.403226,0.449167,2525.5,0,0,17,0.004138,5,0,0,0.085387
Michael Cummings,Michael Cummings,,1,2,5,0.288184,0.3065,0,0,0,17,0.000719,5,0,0,0.011815
Paul Vaaler,Paul Vaaler,,1,2,5,0.288184,0.3065,0,0,0,17,0.000719,5,0,0,0.011815
Enrique Diazâ€êGuzman,Enrique Diazâ€êGuzman,,3,3,4,0.35443,0.404762,1.5,0,0,6,0.001813,9,0,0,0.013354
Daniel L. Davenport,Daniel L. Davenport,,2,6,3,0.5,0.52381,8.333333,0,0,6,0.001252,9,0,0,0.022107
Joseph B. Zwischenberger,Joseph B. Zwischenberger,,2,5,3,0.5,0.52381,8.333333,0,0,6,0.001252,9,0,0,0.022107
Mehdi Khosravi,Mehdi Khosravi,,2,3,3,0.5,0.52381,8.333333,0,0,6,0.001252,9,0,0,0.022107
Kim Quon,Kim Quon,,1,1,2,0.533333,0.5625,0,0,0,2,0.000865,3,0,0,0.005126
Stephanie K. Polutchko,Stephanie K. Polutchko,,1,2,4,0.462185,0.483333,0,0,0,8,0.000754,12,0,0,0.046615
Elizabeth M. Lombardi,Elizabeth M. Lombardi,,1,1,4,0.462185,0.483333,0,0,0,8,0.000754,12,0,0,0.046615
Nancy Franz,Nancy Franz,,2,2,3,0.5,0.544444,0,0,0,10,0.000988,14,1,1,0.016339
Richard Seidel,Richard Seidel,,2,2,3,0.5,0.544444,0,0,0,10,0.000988,14,1,1,0.016339
Roger L. M. Dunbar,Roger L. M. Dunbar,,1,1,7,0.242131,0.303833,0,0,0,17,0.00078,5,0,0,0.027259
Mark Croft,Mark Croft,,4,7,4,0.322581,0.429167,54,0,0,7,0.002821,10,0,0,0.008064
Peter W. Stephens,Peter W. Stephens,,1,2,5,0.246914,0.301667,0,0,0,7,0.000817,10,0,0,0.003096
Meng Ye,Meng Ye,,1,2,5,0.246914,0.301667,0,0,0,7,0.000817,10,0,0,0.003096
David Vanderbilt,David Vanderbilt,,1,2,5,0.246914,0.301667,0,0,0,7,0.000817,10,0,0,0.003096
Julia Hartmann,Julia Hartmann,,1,2,7,0.242131,0.303833,0,0,0,17,0.00078,5,0,0,0.027259
E. Diaz-Guzman,E. Diaz-Guzman,,2,2,1,1,1,1,0,0,18,0.002112,20,0,0,0.003199
T.W. Mullett,T.W. Mullett,,1,1,2,0.666667,0.75,0,0,0,18,0.001115,20,0,0,0.00199
S.S. Kraman,S.S. Kraman,,1,1,2,0.666667,0.75,0,0,0,18,0.001115,20,0,0,0.00199
Valerie M. Tesmer,Valerie M. Tesmer,,1,1,2,0.511628,0.522727,0,0,0,14,0.000788,16,0,0,0.01525
Jerry W. Shay,Jerry W. Shay,,1,2,2,0.511628,0.522727,0,0,0,14,0.000788,16,0,0,0.01525
Woodring E. Wright,Woodring E. Wright,,1,1,2,0.511628,0.522727,0,0,0,14,0.000788,16,0,0,0.01525
Andrew A. King,Andrew A. King,,1,2,7,0.242131,0.303833,0,0,0,17,0.00078,5,0,0,0.027259
Jonathon E. Wingo,Jonathon E. Wingo,,3,3,5,0.324675,0.394833,0,0,0,4,0.001183,5,1,3,0.127198
Charles W. Hoopes,Charles W. Hoopes,,1,6,3,0.482759,0.5,0,0,0,6,0.000738,9,0,0,0.018736
Reanne Frank,Reanne Frank,,2,3,4,0.46281,0.488095,12.375,0,0,15,0.001048,8,0,0,0.068745
William H. Starbuck,William H. Starbuck,,1,1,7,0.242131,0.303833,0,0,0,17,0.00078,5,0,0,0.027259
P. Narayan Pant,P. Narayan Pant,,1,1,7,0.242131,0.303833,0,0,0,17,0.00078,5,0,0,0.027259
Guoqing Sun,Guoqing Sun,,1,2,6,0.226766,0.265301,0,0,0,19,0.000811,11,0,0,0.006061
Qingwang Liu,Qingwang Liu,,1,1,6,0.226766,0.265301,0,0,0,19,0.000811,11,0,0,0.006061
Nate Orr,Nate Orr,,1,1,4,0.337349,0.379464,0,0,0,15,0.00062,8,0,0,0.027706
Michael J. Zigmond,Michael J. Zigmond,,2,11,4,0.473054,0.492616,12.222222,0.081719,0.081719,27,0.000981,7,0,0,0.132673
Anthony K. F. Liou,Anthony K. F. Liou,,1,2,4,0.461988,0.481013,0,0.065337,0.065337,27,0.000657,7,0,0,0.107715
K. Winter,K. Winter,,1,1,2,0.514286,0.527778,0,0,0,12,0.000819,18,0,0,0.011797
Karen J. Kowalske,Karen J. Kowalske,,3,5,5,0.3125,0.380667,0,0,0,4,0.001193,5,1,3,0.121789
Obiora Chukwumah,Obiora Chukwumah,,1,1,5,0.306748,0.364,0,0,0,4,0.000601,5,0,0,0.062425
John L. Hunt,John L. Hunt,,1,1,5,0.306748,0.364,0,0,0,4,0.000601,5,0,0,0.062425
Guo-Yuan Yang,Guo-Yuan Yang,,1,1,4,0.461988,0.481013,0,0.065337,0.065337,27,0.000657,7,0,0,0.107715
Hafiz Maherali,Hafiz Maherali,,2,4,2,0.527778,0.552632,3.75,0,0,1,0.001111,2,0,0,0.017707
John N. Klironomos,John N. Klironomos,,1,3,3,0.5,0.517544,0,0,0,1,0.000703,2,0,0,0.013083
BenoÃ®t L. S. Degrenne,BenoÃ®t L. S. Degrenne,,1,1,4,0.462185,0.483333,0,0,0,8,0.000754,12,0,0,0.046615
Calvin H. Englert,Calvin H. Englert,,1,1,4,0.462185,0.483333,0,0,0,8,0.000754,12,0,0,0.046615
Brita R. Mines,Brita R. Mines,,1,1,4,0.462185,0.483333,0,0,0,8,0.000754,12,0,0,0.046615
Franz-C. Czygan,Franz-C. Czygan,,1,1,4,0.462185,0.483333,0,0,0,8,0.000754,12,0,0,0.046615
Ulrich Schreiber,Ulrich Schreiber,,1,2,4,0.462185,0.483333,0,0,0,8,0.000754,12,0,0,0.046615
Otto L. Lange,Otto L. Lange,,1,1,4,0.462185,0.483333,0,0,0,8,0.000754,12,0,0,0.046615
Michael A. Lefsky,Michael A. Lefsky,,28,49,3,0.495935,0.650273,1332.5,0,0,20,0.016492,11,0.002646,1,0.144091
Michael Keller,Michael Keller,,1,4,4,0.333333,0.378415,0,0,0,20,0.000718,11,0,0,0.02365
Claudia C. Carabajal,Claudia C. Carabajal,,1,3,4,0.333333,0.378415,0,0,0,20,0.000718,11,0,0,0.02365
Nicholas M. Ponzio,Nicholas M. Ponzio,,1,5,2,0.518519,0.535714,0,0,0,0,0.000674,0,0,0,0.010416
Raghbir S. Athwal,Raghbir S. Athwal,,1,1,2,0.518519,0.535714,0,0,0,0,0.000674,0,0,0,0.010416
Milton Ende,Milton Ende,,1,2,2,0.518519,0.535714,0,0,0,0,0.000674,0,0,0,0.010416
Dennis C. Giuliani,Dennis C. Giuliani,,1,1,2,0.518519,0.535714,0,0,0,0,0.000674,0,0,0,0.010416
Volker Ebbert,Volker Ebbert,,2,5,4,0.486726,0.504545,68.5,0,0,8,0.001298,12,0,0,0.051006
Rehana K Leak,Rehana K Leak,,9,14,4,0.383495,0.437764,232.683333,0.121075,0.121075,27,0.003645,7,0.222222,8,0.189287
Judy L. Cameron,Judy L. Cameron,,1,2,4,0.461988,0.481013,0,0.065337,0.065337,27,0.000657,7,0,0,0.107715
KÃ¡roly Mirnics,KÃ¡roly Mirnics,,1,2,4,0.461988,0.481013,0,0.065337,0.065337,27,0.000657,7,0,0,0.107715
W. E. Mayo,W. E. Mayo,,2,5,1,1,1,1,0,0,21,0.002112,21,0,0,0.003199
Y. Lu,Y. Lu,,1,4,2,0.666667,0.75,0,0,0,21,0.001115,21,0,0,0.00199
Jack H. Petajan,Jack H. Petajan,,1,3,5,0.306748,0.364,0,0,0,4,0.000601,5,0,0,0.062425
Bruno H. Zimm,Bruno H. Zimm,,1,1,2,0.511628,0.522727,0,0,0,14,0.000788,16,0,0,0.01525
Alexander Hoehn,Alexander Hoehn,,1,1,4,0.462185,0.483333,0,0,0,8,0.000754,12,0,0,0.046615
Louis S. Stodieck,Louis S. Stodieck,,1,1,4,0.462185,0.483333,0,0,0,8,0.000754,12,0,0,0.046615
David M. Klaus,David M. Klaus,,1,1,4,0.462185,0.483333,0,0,0,8,0.000754,12,0,0,0.046615
Seth Grossman,Seth Grossman,,1,1,5,0.392157,0.459167,0,0,0,7,0.000684,10,0,0,0.011266
David J. Foran,David J. Foran,,1,1,5,0.392157,0.459167,0,0,0,7,0.000684,10,0,0,0.011266
Colleen Y. Colbert,Colleen Y. Colbert,,1,3,3,0.482759,0.5,0,0,0,6,0.000738,9,0,0,0.018736
Alejandro C. Arroliga,Alejandro C. Arroliga,,1,3,3,0.482759,0.5,0,0,0,6,0.000738,9,0,0,0.018736
T. N. Rosenstiel,T. N. Rosenstiel,,1,1,2,0.514286,0.527778,0,0,0,12,0.000819,18,0,0,0.011797
A. K. Brightwell,A. K. Brightwell,,1,1,2,0.514286,0.527778,0,0,0,12,0.000819,18,0,0,0.011797
V. Ebbert,V. Ebbert,,1,1,2,0.514286,0.527778,0,0,0,12,0.000819,18,0,0,0.011797
Lihua Li,Lihua Li,,1,1,4,0.461988,0.481013,0,0.065337,0.065337,27,0.000657,7,0,0,0.107715
Z. Zhang,Z. Zhang,,1,1,4,0.461988,0.481013,0,0.065337,0.065337,27,0.000657,7,0,0,0.107715
S.L. Castro,S.L. Castro,,1,1,4,0.461988,0.481013,0,0.065337,0.065337,27,0.000657,7,0,0,0.107715
B.J. Lopresti,B.J. Lopresti,,1,1,4,0.461988,0.481013,0,0.065337,0.065337,27,0.000657,7,0,0,0.107715
C.A. Mathis,C.A. Mathis,,2,2,4,0.467456,0.489451,78,0.066095,0.066095,27,0.001317,7,0,0,0.110177
Paul T. Englund,Paul T. Englund,,1,1,2,0.511628,0.522727,0,0,0,14,0.000788,16,0,0,0.01525
Else C. Vellinga,Else C. Vellinga,,1,1,4,0.382353,0.442308,0,0,0,5,0.000811,6,0,0,0.004842
Ana E. Franco-Molano,Ana E. Franco-Molano,,1,1,4,0.382353,0.442308,0,0,0,5,0.000811,6,0,0,0.004842
Michael G. Wood,Michael G. Wood,,1,1,4,0.382353,0.442308,0,0,0,5,0.000811,6,0,0,0.004842
Klaus Winter,Klaus Winter,,1,4,4,0.462185,0.483333,0,0,0,8,0.000754,12,0,0,0.046615
Hen Ming Wu,Hen Ming Wu,,1,1,2,0.511628,0.522727,0,0,0,14,0.000788,16,0,0,0.01525
Jon Ranson,Jon Ranson,,1,1,6,0.226766,0.265301,0,0,0,19,0.000811,11,0,0,0.006061
Robert Y. Moore,Robert Y. Moore,,1,3,4,0.461988,0.481013,0,0.065337,0.065337,27,0.000657,7,0,0,0.107715
Peter Alexander Muennig,Peter Alexander Muennig,,1,1,5,0.394366,0.437202,0,0,0,15,0.000645,8,0,0,0.041039
Yejie Shi,Yejie Shi,,3,9,3,0.49375,0.508439,0,0.117723,0.117723,27,0.001312,7,1,3,0.187774
Chengrui An,Chengrui An,,1,2,4,0.461988,0.481013,0,0.065337,0.065337,27,0.000657,7,0,0,0.107715
Sandra L. Castro,Sandra L. Castro,,1,1,4,0.461988,0.481013,0,0.065337,0.065337,27,0.000657,7,0,0,0.107715
Juliann D. Jaumotte,Juliann D. Jaumotte,,1,1,4,0.461988,0.481013,0,0.065337,0.065337,27,0.000657,7,0,0,0.107715
Amanda D. Smith,Amanda D. Smith,,1,2,4,0.461988,0.481013,0,0.065337,0.065337,27,0.000657,7,0,0,0.107715
Craig E. Martin,Craig E. Martin,,1,2,4,0.462185,0.483333,0,0,0,8,0.000754,12,0,0,0.046615
Krassimira Garbett,Krassimira Garbett,,1,1,4,0.461988,0.481013,0,0.065337,0.065337,27,0.000657,7,0,0,0.107715
David M Mannino,David M Mannino,,2,2,3,0.509091,0.529762,0,0,0,6,0.001258,9,1,1,0.02511
B. A. Logan,B. A. Logan,,1,1,2,0.514286,0.527778,0,0,0,12,0.000819,18,0,0,0.011797
D. H. Barker,D. H. Barker,,1,2,2,0.514286,0.527778,0,0,0,12,0.000819,18,0,0,0.011797
C. B. Osmond,C. B. Osmond,,1,2,2,0.514286,0.527778,0,0,0,12,0.000819,18,0,0,0.011797
D. Bakken,D. Bakken,,4,4,1,1,1,6,0,0,22,0.003443,22,0,0,0.007003
A. Bose,A. Bose,,1,1,2,0.571429,0.625,0,0,0,22,0.000948,22,0,0,0.002968
K. M. Chandy,K. M. Chandy,,1,1,2,0.571429,0.625,0,0,0,22,0.000948,22,0,0,0.002968
P. P. Khargonekar,P. P. Khargonekar,,1,1,2,0.571429,0.625,0,0,0,22,0.000948,22,0,0,0.002968
A. Kuh,A. Kuh,,1,1,2,0.571429,0.625,0,0,0,22,0.000948,22,0,0,0.002968
William W. Adams Iii,William W. Adams Iii,,3,4,3,0.354839,0.381818,5.5,0,0,8,0.001786,12,0,0,0.02462
Robert Y Moore,Robert Y Moore,,1,1,5,0.278169,0.298945,0,0.012965,0.012965,27,0.000561,7,0,0,0.020496
Tanya Ramond,Tanya Ramond,,2,2,4,0.386076,0.423497,0,0,0,20,0.001165,11,1,1,0.034046
Rayan Ihle,Rayan Ihle,,1,1,3,0.482759,0.5,0,0,0,6,0.000738,9,0,0,0.018736
Daniel Davenport,Daniel Davenport,,1,1,3,0.482759,0.5,0,0,0,6,0.000738,9,0,0,0.018736
Ion Mitrache,Ion Mitrache,,1,2,3,0.482759,0.5,0,0,0,6,0.000738,9,0,0,0.018736
David Mannino,David Mannino,,1,2,3,0.482759,0.5,0,0,0,6,0.000738,9,0,0,0.018736
B. Demmigâ€êAdams,B. Demmigâ€êAdams,,1,2,2,0.514286,0.527778,0,0,0,12,0.000819,18,0,0,0.011797
Y. Li,Y. Li,,1,1,2,0.666667,0.75,0,0,0,21,0.001115,21,0,0,0.00199
Lili Zhang,Lili Zhang,,1,3,4,0.461988,0.481013,0,0.065337,0.065337,27,0.000657,7,0,0,0.107715
Harald Gjermundrod,Harald Gjermundrod,,1,1,4,0.433333,0.466346,0,0,0,11,0.000725,15,0,0,0.039689
Sean T. Doherty,Sean T. Doherty,,1,2,4,0.401408,0.44152,0,0,0,3,0.000721,4,0,0,0.037291
Wei Yin,Wei Yin,,1,1,4,0.461988,0.481013,0,0.065337,0.065337,27,0.000657,7,0,0,0.107715
Suping Wang,Suping Wang,,1,1,4,0.461988,0.481013,0,0.065337,0.065337,27,0.000657,7,0,0,0.107715
John G. Brennan,John G. Brennan,,2,2,3,0.408163,0.458333,64,0,0,7,0.001228,10,0,0,0.009334
Brian P. Looney,Brian P. Looney,,4,6,3,0.464286,0.576923,33,0,0,5,0.002859,6,0,0,0.009189
Paul J. Fadel,Paul J. Fadel,,1,1,5,0.306748,0.364,0,0,0,4,0.000601,5,0,0,0.062425
Gail D. Thomas,Gail D. Thomas,,1,1,5,0.306748,0.364,0,0,0,4,0.000601,5,0,0,0.062425
Jonathan Wingo,Jonathan Wingo,,3,4,5,0.324675,0.394833,0,0,0,4,0.001183,5,1,3,0.127198
S. D. Smith,S. D. Smith,,1,1,2,0.514286,0.527778,0,0,0,12,0.000819,18,0,0,0.011797
David E. Whitehead,David E. Whitehead,,1,1,4,0.433333,0.466346,0,0,0,11,0.000725,15,0,0,0.039689
Gregary C. Zweigle,Gregary C. Zweigle,,1,1,4,0.433333,0.466346,0,0,0,11,0.000725,15,0,0,0.039689
David Melvin Keller,David Melvin Keller,,6,10,5,0.325733,0.4065,3.306478,0,0,4,0.002141,5,0.6,9,0.170092
Jeffrey L. Hastings,Jeffrey L. Hastings,,3,3,5,0.3125,0.380667,0,0,0,4,0.001208,5,1,3,0.116377
K. Harald GjermundrÃ¸d,K. Harald GjermundrÃ¸d,,1,2,4,0.433333,0.466346,0,0,0,11,0.000725,15,0,0,0.039689
Teresa C Frohman,Teresa C Frohman,,1,1,7,0.213675,0.256048,0,0,0,4,0.000537,5,0,0,0.018509
Elliot M Frohman,Elliot M Frohman,,1,1,7,0.213675,0.256048,0,0,0,4,0.000537,5,0,0,0.018509
Ping Zheng,Ping Zheng,,1,1,4,0.461988,0.481013,0,0.065337,0.065337,27,0.000657,7,0,0,0.107715
Xunming Ji,Xunming Ji,,1,1,4,0.461988,0.481013,0,0.065337,0.065337,27,0.000657,7,0,0,0.107715
John H. Zhang,John H. Zhang,,1,2,4,0.461988,0.481013,0,0.065337,0.065337,27,0.000657,7,0,0,0.107715
Michael A Lefsky,Michael A Lefsky,,3,3,1,1,1,3,0,0,29,0.002778,23,0,0,0.005023
David J Harding,David J Harding,,1,1,2,0.6,0.666667,0,0,0,29,0.001004,23,0,0,0.002471
Yong Pang,Yong Pang,,2,2,4,0.369697,0.422131,468,0,0,19,0.001312,11,0,0,0.029711
Maria O. Hunter,Maria O. Hunter,,1,1,4,0.333333,0.378415,0,0,0,20,0.000718,11,0,0,0.02365
Andreas Schaller,Andreas Schaller,,1,2,5,0.301587,0.333041,0,0,0,3,0.000674,4,0,0,0.012202
Philippe Baumard,Philippe Baumard,,1,1,7,0.242131,0.303833,0,0,0,17,0.00078,5,0,0,0.027259
Amy M. Watson,Amy M. Watson,,1,1,4,0.462185,0.483333,0,0,0,8,0.000754,12,0,0,0.046615
VÃ©ronique Amiard,VÃ©ronique Amiard,,2,2,4,0.478261,0.5,30.166667,0,0,8,0.001266,12,0,0,0.051568
Robert Turgeon,Robert Turgeon,,1,1,4,0.462185,0.483333,0,0,0,8,0.000754,12,0,0,0.046615
Stefan M. Giovan,Stefan M. Giovan,,1,1,2,0.511628,0.522727,0,0,0,14,0.000788,16,0,0,0.01525
Andreas Hanke,Andreas Hanke,,1,1,2,0.511628,0.522727,0,0,0,14,0.000788,16,0,0,0.01525
Massa J. Shoura,Massa J. Shoura,,1,2,2,0.511628,0.522727,0,0,0,14,0.000788,16,0,0,0.01525
Thomas Needham,Thomas Needham,,1,1,2,0.538462,0.571429,0,0,0,23,0.0008,17,0,0,0.004741
Don S. Browning,Don S. Browning,,1,1,2,0.538462,0.571429,0,0,0,23,0.0008,17,0,0,0.004741
Susan James,Susan James,,1,1,2,0.538462,0.571429,0,0,0,23,0.0008,17,0,0,0.004741
Peter B. Raven,Peter B. Raven,,2,2,5,0.311526,0.375667,0,0,0,4,0.000905,5,1,1,0.097053
Albert Vu,Albert Vu,,1,1,6,0.254453,0.301167,0,0,0,4,0.000521,5,0,0,0.034628
Marilee Brown,Marilee Brown,,1,1,6,0.254453,0.301167,0,0,0,4,0.000521,5,0,0,0.034628
Eduard Gappmaier,Eduard Gappmaier,,1,1,5,0.306748,0.364,0,0,0,4,0.000601,5,0,0,0.062425
I. Marsic,I. Marsic,,1,1,5,0.392157,0.459167,0,0,0,7,0.000684,10,0,0,0.011266
Fernando J. Muzzio,Fernando J. Muzzio,,1,1,5,0.392157,0.459167,0,0,0,7,0.000684,10,0,0,0.011266
Augustine Tsai,Augustine Tsai,,1,1,5,0.392157,0.459167,0,0,0,7,0.000684,10,0,0,0.011266
S. Weiner,S. Weiner,,1,1,5,0.392157,0.459167,0,0,0,7,0.000684,10,0,0,0.011266
Edward M. Driggers,Edward M. Driggers,,1,1,4,0.462185,0.483333,0,0,0,8,0.000754,12,0,0,0.046615
Gary M. Silver,Gary M. Silver,,1,1,4,0.462185,0.483333,0,0,0,8,0.000754,12,0,0,0.046615
Dennis Giuliani,Dennis Giuliani,,1,2,2,0.518519,0.535714,0,0,0,0,0.000674,0,0,0,0.010416
Paramjeet S. Bagga,Paramjeet S. Bagga,,1,1,2,0.518519,0.535714,0,0,0,0,0.000674,0,0,0,0.010416
Janusz Godyn,Janusz Godyn,,1,1,2,0.518519,0.535714,0,0,0,0,0.000674,0,0,0,0.010416
Mingyue Xu,Mingyue Xu,,1,1,4,0.461988,0.481013,0,0.065337,0.065337,27,0.000657,7,0,0,0.107715
Rolando Berger,Rolando Berger,,1,1,3,0.482759,0.5,0,0,0,6,0.000738,9,0,0,0.018736
John C. Shovic,John C. Shovic,,1,2,4,0.433333,0.466346,0,0,0,11,0.000725,15,0,0,0.039689
Jamie Vener,Jamie Vener,,1,1,5,0.306748,0.364,0,0,0,4,0.000601,5,0,0,0.062425
Luke Wendt,Luke Wendt,,1,1,5,0.306748,0.364,0,0,0,4,0.000601,5,0,0,0.062425
Melissa Renee McHale,Melissa Renee McHale,,1,1,4,0.333333,0.378415,0,0,0,20,0.000718,11,0,0,0.02365
Chau Chu,Chau Chu,,1,1,4,0.35443,0.377976,0,0,0,6,0.000738,9,0,0,0.006374
R. Scott Morehead,R. Scott Morehead,,1,1,4,0.35443,0.377976,0,0,0,6,0.000738,9,0,0,0.006374
Andrew Baglino,Andrew Baglino,,1,1,5,0.271429,0.296491,0,0,0,13,0.000809,4,0,0,0.00582
Winston Harrington,Winston Harrington,,1,1,5,0.271429,0.296491,0,0,0,13,0.000809,4,0,0,0.00582
Elena Safirova,Elena Safirova,,1,2,5,0.271429,0.296491,0,0,0,13,0.000809,4,0,0,0.00582
David H. Barker,David H. Barker,,1,1,4,0.462185,0.483333,0,0,0,8,0.000754,12,0,0,0.046615
Ruth G. Perez,Ruth G. Perez,,1,1,4,0.461988,0.481013,0,0.065337,0.065337,27,0.000657,7,0,0,0.107715
Brian Finch,Brian Finch,,4,4,4,0.312849,0.355655,110,0,0,15,0.002442,8,0,0,0.012821
Christopher G. Ellison,Christopher G. Ellison,,1,1,5,0.394366,0.437202,0,0,0,15,0.000645,8,0,0,0.041039
David R. Williams,David R. Williams,,1,1,5,0.394366,0.437202,0,0,0,15,0.000645,8,0,0,0.041039
James S. Jackson,James S. Jackson,,1,1,5,0.394366,0.437202,0,0,0,15,0.000645,8,0,0,0.041039
A. K. Mattoo,A. K. Mattoo,,1,1,2,0.514286,0.527778,0,0,0,12,0.000819,18,0,0,0.011797
A. Sokolenko,A. Sokolenko,,1,1,2,0.514286,0.527778,0,0,0,12,0.000819,18,0,0,0.011797
David Bakken,David Bakken,,8,8,4,0.368794,0.435897,336,0,0,24,0.005631,23,0,0,0.0218
Min Sik Kim,Min Sik Kim,,1,1,5,0.270833,0.297756,0,0,0,24,0.000815,15,0,0,0.005636
Stephen D Levene,Stephen D Levene,,1,1,1,1,1,0,0,0,25,0.001447,24,0,0,0.001526
Steven R Goodman,Steven R Goodman,,1,1,1,1,1,0,0,0,25,0.001447,24,0,0,0.001526
Elizabeth Boyle,Elizabeth Boyle,,1,1,7,0.242131,0.303833,0,0,0,17,0.00078,5,0,0,0.027259
Naomi A Gardberg,Naomi A Gardberg,,1,1,7,0.242131,0.303833,0,0,0,17,0.00078,5,0,0,0.027259
Andrew W. Subudhi,Andrew W. Subudhi,,1,1,5,0.306748,0.364,0,0,0,4,0.000601,5,0,0,0.062425
Jamie M. Vener,Jamie M. Vener,,1,2,5,0.306748,0.364,0,0,0,4,0.000601,5,0,0,0.062425
Andrea T. White,Andrea T. White,,1,2,5,0.306748,0.364,0,0,0,4,0.000601,5,0,0,0.062425
Tod Courtney,Tod Courtney,,1,1,4,0.433333,0.466346,0,0,0,11,0.000725,15,0,0,0.039689
Rajeev S. Samant,Rajeev S. Samant,,1,1,2,0.533333,0.5625,0,0,0,2,0.000865,3,0,0,0.005126
Lalita A. Shevde,Lalita A. Shevde,,1,1,2,0.533333,0.5625,0,0,0,2,0.000865,3,0,0,0.005126
Mary E. Miele,Mary E. Miele,,1,1,2,0.533333,0.5625,0,0,0,2,0.000865,3,0,0,0.005126
Nicole Darnall,Nicole Darnall,,1,1,7,0.242131,0.303833,0,0,0,17,0.00078,5,0,0,0.027259
Bryan W. Husted,Bryan W. Husted,,2,3,5,0.355872,0.393167,1089,0,0,17,0.001283,5,0,0,0.039074
Andrew John Hoffman,Andrew John Hoffman,,1,1,7,0.242131,0.303833,0,0,0,17,0.00078,5,0,0,0.027259
Tanya Y. Berger-Wolf,Tanya Y. Berger-Wolf,,1,2,4,0.401408,0.44152,0,0,0,3,0.000721,4,0,0,0.037291
Jeff R. Powell,Jeff R. Powell,,1,1,3,0.5,0.517544,0,0,0,1,0.000703,2,0,0,0.013083
Matthias C. Rillig,Matthias C. Rillig,,1,1,3,0.5,0.517544,0,0,0,1,0.000703,2,0,0,0.013083
Yibo Zou,Yibo Zou,,1,1,4,0.401408,0.44152,0,0,0,3,0.000721,4,0,0,0.037291
Ulrich Heber,Ulrich Heber,,1,1,4,0.462185,0.483333,0,0,0,8,0.000754,12,0,0,0.046615
Spidola Neimanis,Spidola Neimanis,,1,1,4,0.462185,0.483333,0,0,0,8,0.000754,12,0,0,0.046615
John Pospisil,John Pospisil,,1,2,3,0.482759,0.5,0,0,0,6,0.000738,9,0,0,0.018736
William A Vega,William A Vega,,1,1,5,0.394366,0.437202,0,0,0,15,0.000645,8,0,0,0.041039
R. Leak,R. Leak,,1,1,1,1,1,0,0,0,26,0.001447,25,0,0,0.001526
J. M. Nunez,J. M. Nunez,,1,1,1,1,1,0,0,0,26,0.001447,25,0,0,0.001526
J. P. Liu,J. P. Liu,,1,1,2,0.511628,0.522727,0,0,0,14,0.000788,16,0,0,0.01525
Richard J. Mammone,Richard J. Mammone,,1,2,5,0.392157,0.459167,0,0,0,7,0.000684,10,0,0,0.011266
Sylvain Durand,Sylvain Durand,,1,1,5,0.306748,0.364,0,0,0,4,0.000601,5,0,0,0.062425
Nathan J. Rockcastle,Nathan J. Rockcastle,,1,1,5,0.278169,0.3,0,0.016382,0.016382,27,0.000541,7,0,0,0.024958
Jaegeol Yim,Jaegeol Yim,,1,2,4,0.401408,0.44152,0,0,0,3,0.000721,4,0,0,0.037291
Andrea Lanzl,Andrea Lanzl,,1,1,4,0.462185,0.483333,0,0,0,8,0.000754,12,0,0,0.046615
Ioanna Dionysiou,Ioanna Dionysiou,,1,2,4,0.433333,0.466346,0,0,0,11,0.000725,15,0,0,0.039689
Venkata S. Irava,Venkata S. Irava,,1,1,4,0.433333,0.466346,0,0,0,11,0.000725,15,0,0,0.039689
Suzanne M. Dellaria,Suzanne M. Dellaria,,1,1,5,0.306748,0.364,0,0,0,4,0.000601,5,0,0,0.062425
J.Patrick Card,J.Patrick Card,,1,1,4,0.461988,0.481013,0,0.065337,0.065337,27,0.000657,7,0,0,0.107715
Christopher M. Lain,Christopher M. Lain,,1,1,4,0.401408,0.44152,0,0,0,3,0.000721,4,0,0,0.037291
Peter Meer,Peter Meer,,1,1,5,0.392157,0.459167,0,0,0,7,0.000684,10,0,0,0.011266
A. Flanagan,A. Flanagan,,1,1,5,0.392157,0.459167,0,0,0,7,0.000684,10,0,0,0.011266
K. Xu,K. Xu,,1,1,5,0.392157,0.459167,0,0,0,7,0.000684,10,0,0,0.011266
Edward T. A. Mitchard,Edward T. A. Mitchard,,1,1,6,0.303483,0.365301,0,0,0,20,0.00071,11,0,0,0.024034
Amy S. Verhoeven,Amy S. Verhoeven,,2,2,4,0.470085,0.495455,15.083333,0,0,8,0.00126,12,0,0,0.051069
Geoffrey G. Parker,Geoffrey G. Parker,,2,3,4,0.442029,0.478142,108.5,0,0,20,0.00121,11,0,0,0.047684
Herman H. Shugart,Herman H. Shugart,,1,1,6,0.303483,0.365301,0,0,0,20,0.00071,11,0,0,0.024034
Krassimira A. Garbett,Krassimira A. Garbett,,1,1,4,0.461988,0.481013,0,0.065337,0.065337,27,0.000657,7,0,0,0.107715
Amanda M. Dettmer,Amanda M. Dettmer,,1,1,4,0.461988,0.481013,0,0.065337,0.065337,27,0.000657,7,0,0,0.107715
Zhiming Zhang,Zhiming Zhang,,1,1,4,0.461988,0.481013,0,0.065337,0.065337,27,0.000657,7,0,0,0.107715
Alexis Martinez,Alexis Martinez,,1,1,4,0.337349,0.379464,0,0,0,15,0.00062,8,0,0,0.027706
Bonnie Ghosh-Dastidar,Bonnie Ghosh-Dastidar,,1,1,4,0.356688,0.375,0,0,0,15,0.000633,8,0,0,0.01867
Robin L. Beckman,Robin L. Beckman,,1,1,4,0.356688,0.375,0,0,0,15,0.000633,8,0,0,0.01867
Leslie Lytle,Leslie Lytle,,1,1,4,0.356688,0.375,0,0,0,15,0.000633,8,0,0,0.01867
Rajan R. Rajbhandari,Rajan R. Rajbhandari,,2,3,4,0.410072,0.45614,0,0,0,3,0.001178,4,1,1,0.049493
Karl Cottenie,Karl Cottenie,,1,1,3,0.5,0.517544,0,0,0,1,0.000703,2,0,0,0.013083
Bohdan Kol,Bohdan Kol,,1,1,5,0.394366,0.437202,0,0,0,15,0.000645,8,0,0,0.041039
Edward Ellis,Edward Ellis,,1,1,7,0.209644,0.245214,0,0,0,4,0.00052,5,0,0,0.013715
William H. Sanders,William H. Sanders,,3,3,5,0.319018,0.360256,0.25,0,0,11,0.001454,15,0.666667,2,0.030841
Jun Suenaga,Jun Suenaga,,1,1,4,0.461988,0.481013,0,0.065337,0.065337,27,0.000657,7,0,0,0.107715
R.K. Leak,R.K. Leak,,1,1,5,0.319838,0.331857,0,0.007077,0.007077,27,0.000777,7,0,0,0.012363
Spencer A. Lane,Spencer A. Lane,,2,2,4,0.410072,0.45614,0,0,0,3,0.001178,4,1,1,0.049493
Elizabeth Raveche,Elizabeth Raveche,,1,1,2,0.518519,0.535714,0,0,0,0,0.000674,0,0,0,0.010416
Pradosh Kumar Mohapatra,Pradosh Kumar Mohapatra,,1,1,5,0.301587,0.333041,0,0,0,3,0.000674,4,0,0,0.012202
Ryan K. Master,Ryan K. Master,,1,1,4,0.337349,0.379464,0,0,0,15,0.00062,8,0,0,0.027706
Vaithianathan Venkatasubramanian,Vaithianathan Venkatasubramanian,,1,1,4,0.433333,0.466346,0,0,0,11,0.000725,15,0,0,0.039689
Barbara Demmigâ€êAdams,Barbara Demmigâ€êAdams,,1,1,4,0.462185,0.483333,0,0,0,8,0.000754,12,0,0,0.046615
Yumin Luo,Yumin Luo,,1,1,4,0.461988,0.481013,0,0.065337,0.065337,27,0.000657,7,0,0,0.107715
Haiping Zhao,Haiping Zhao,,2,2,3,0.490683,0.50211,0,0.098013,0.098013,27,0.000986,7,1,1,0.157736
Charles B. Yackulic,Charles B. Yackulic,,1,1,4,0.461988,0.481013,0,0.065337,0.065337,27,0.000657,7,0,0,0.107715
Joseph LeSauter,Joseph LeSauter,,1,1,4,0.461988,0.481013,0,0.065337,0.065337,27,0.000657,7,0,0,0.107715
Rae Silver,Rae Silver,,1,1,4,0.461988,0.481013,0,0.065337,0.065337,27,0.000657,7,0,0,0.107715
Thomas A. Brandeis,Thomas A. Brandeis,,1,1,4,0.333333,0.378415,0,0,0,20,0.000718,11,0,0,0.02365
Kirk R. Sherrill,Kirk R. Sherrill,,1,1,4,0.333333,0.378415,0,0,0,20,0.000718,11,0,0,0.02365
Sonia Buist,Sonia Buist,,1,1,3,0.482759,0.5,0,0,0,6,0.000738,9,0,0,0.018736
Nina S. Stachenfeld,Nina S. Stachenfeld,,1,1,5,0.306748,0.364,0,0,0,4,0.000601,5,0,0,0.062425
Vijaykumar Krishnaswamy,Vijaykumar Krishnaswamy,,1,1,4,0.433333,0.466346,0,0,0,11,0.000725,15,0,0,0.039689
Mustaque Ahamad,Mustaque Ahamad,,1,1,4,0.433333,0.466346,0,0,0,11,0.000725,15,0,0,0.039689
Steven A. Acker,Steven A. Acker,,1,1,4,0.333333,0.378415,0,0,0,20,0.000718,11,0,0,0.02365
Margaret Walls,Margaret Walls,,1,1,5,0.271429,0.296491,0,0,0,13,0.000809,4,0,0,0.00582
William Walter Adams,William Walter Adams,,4,6,3,0.359477,0.393939,59,0,0,8,0.002412,12,0,0,0.026685
Christopher M Cohu,Christopher M Cohu,,1,2,4,0.2657,0.283333,0,0,0,8,0.000729,12,0,0,0.004953
Daniell Nicole Ryan,Daniell Nicole Ryan,,1,1,4,0.337349,0.379464,0,0,0,15,0.00062,8,0,0,0.027706
Jennifer J. Salinas,Jennifer J. Salinas,,1,1,4,0.337349,0.379464,0,0,0,15,0.00062,8,0,0,0.027706
Richard D. Tucker,Richard D. Tucker,,1,1,4,0.433333,0.466346,0,0,0,11,0.000725,15,0,0,0.039689
Locust Nc,Locust Nc,,1,1,4,0.433333,0.466346,0,0,0,11,0.000725,15,0,0,0.039689
Andrew J. Lister,Andrew J. Lister,,1,2,4,0.333333,0.378415,0,0,0,20,0.000718,11,0,0,0.02365
Steve Van Tuyl,Steve Van Tuyl,,1,2,4,0.333333,0.378415,0,0,0,20,0.000718,11,0,0,0.02365
Osbert Sun,Osbert Sun,,1,1,4,0.333333,0.378415,0,0,0,20,0.000718,11,0,0,0.02365
Virginia P. Sisiopiku,Virginia P. Sisiopiku,,1,1,4,0.401408,0.44152,0,0,0,3,0.000721,4,0,0,0.037291
Daniel J. Cuthbertson,Daniel J. Cuthbertson,,1,1,4,0.462185,0.483333,0,0,0,8,0.000754,12,0,0,0.046615
Iwona Adamska,Iwona Adamska,,1,2,4,0.462185,0.483333,0,0,0,8,0.000754,12,0,0,0.046615
William D. Ritts,William D. Ritts,,1,1,4,0.333333,0.378415,0,0,0,20,0.000718,11,0,0,0.02365
Stefan Jansson,Stefan Jansson,,1,1,4,0.462185,0.483333,0,0,0,8,0.000754,12,0,0,0.046615
Kirsten M. Carlson,Kirsten M. Carlson,,1,1,4,0.461988,0.481013,0,0.065337,0.065337,27,0.000657,7,0,0,0.107715
Thad E. Wilson,Thad E. Wilson,,1,4,5,0.306748,0.364,0,0,0,4,0.000601,5,0,0,0.062425
Yanling Guo,Yanling Guo,,1,1,4,0.364055,0.380802,0,0.032676,0.032676,27,0.000547,7,0,0,0.050021
Haiying Wang,Haiying Wang,,1,1,4,0.364055,0.380802,0,0.032676,0.032676,27,0.000547,7,0,0,0.050021
Michael L Barnett,Michael L Barnett,,2,2,1,1,1,1,0,0,28,0.002112,26,0,0,0.003199
John M Jermier,John M Jermier,,1,1,2,0.666667,0.75,0,0,0,28,0.001115,26,0,0,0.00199
Barbara A Lafferty,Barbara A Lafferty,,1,1,2,0.666667,0.75,0,0,0,28,0.001115,26,0,0,0.00199
Konstantin V. Klenin,Konstantin V. Klenin,,1,1,2,0.511628,0.522727,0,0,0,14,0.000788,16,0,0,0.01525
Maxim Frank-Kamenetskii,Maxim Frank-Kamenetskii,,1,1,2,0.511628,0.522727,0,0,0,14,0.000788,16,0,0,0.01525
Nicholas R. Cozzarelli,Nicholas R. Cozzarelli,,1,1,2,0.511628,0.522727,0,0,0,14,0.000788,16,0,0,0.01525
Chloe Bird,Chloe Bird,,1,1,5,0.394366,0.437202,0,0,0,15,0.000645,8,0,0,0.041039
Jose Escarce,Jose Escarce,,1,1,5,0.394366,0.437202,0,0,0,15,0.000645,8,0,0,0.041039
Peter Schramel,Peter Schramel,,1,1,4,0.462185,0.483333,0,0,0,8,0.000754,12,0,0,0.046615
Dar A. Roberts,Dar A. Roberts,,1,1,4,0.333333,0.378415,0,0,0,20,0.000718,11,0,0,0.02365
Andrew T. Hudak,Andrew T. Hudak,,1,2,4,0.333333,0.378415,0,0,0,20,0.000718,11,0,0,0.02365
Steve Acker,Steve Acker,,1,1,4,0.333333,0.378415,0,0,0,20,0.000718,11,0,0,0.02365
Jordan R. Mayor,Jordan R. Mayor,,1,1,4,0.382353,0.442308,0,0,0,5,0.000811,6,0,0,0.004842
K. Martin Ryberg,K. Martin Ryberg,,1,1,4,0.382353,0.442308,0,0,0,5,0.000811,6,0,0,0.004842
Christine Veronica Hawkes,Christine Veronica Hawkes,,1,1,3,0.5,0.517544,0,0,0,1,0.000703,2,0,0,0.013083
Tadashi Fukami,Tadashi Fukami,,1,1,3,0.5,0.517544,0,0,0,1,0.000703,2,0,0,0.013083
Benjamin M. Greenberg,Benjamin M. Greenberg,,1,2,5,0.306748,0.364,0,0,0,4,0.000601,5,0,0,0.062425
Amy Conger,Amy Conger,,1,1,5,0.306748,0.364,0,0,0,4,0.000601,5,0,0,0.062425
Darrel Conger,Darrel Conger,,1,1,5,0.306748,0.364,0,0,0,4,0.000601,5,0,0,0.062425
Shin Beh,Shin Beh,,1,1,5,0.306748,0.364,0,0,0,4,0.000601,5,0,0,0.062425
Gina Remington,Gina Remington,,1,1,5,0.306748,0.364,0,0,0,4,0.000601,5,0,0,0.062425
Rong Zhang,Rong Zhang,,5,6,5,0.322581,0.399833,1.361111,0,0,4,0.001779,5,0.7,7,0.165225
Warren B Cohen,Warren B Cohen,,1,1,2,0.6,0.666667,0,0,0,29,0.001004,23,0,0,0.002471
Mercedes Berterretche,Mercedes Berterretche,,1,1,2,0.6,0.666667,0,0,0,29,0.001004,23,0,0,0.002471
Sai Ma,Sai Ma,,1,1,5,0.394366,0.437202,0,0,0,15,0.000645,8,0,0,0.041039
Roberta Croce,Roberta Croce,,1,1,4,0.462185,0.483333,0,0,0,8,0.000754,12,0,0,0.046615
Roberto Bassi,Roberto Bassi,,1,1,4,0.462185,0.483333,0,0,0,8,0.000754,12,0,0,0.046615
Mukund V. Karwe,Mukund V. Karwe,,1,1,5,0.392157,0.459167,0,0,0,7,0.000684,10,0,0,0.011266
Victor J. Thannickal,Victor J. Thannickal,,1,1,3,0.482759,0.5,0,0,0,6,0.000738,9,0,0,0.018736
S.A. Acker,S.A. Acker,,1,1,4,0.333333,0.378415,0,0,0,20,0.000718,11,0,0,0.02365
Zhiyuan Zhan,Zhiyuan Zhan,,1,1,4,0.433333,0.466346,0,0,0,11,0.000725,15,0,0,0.039689
Christopher C. Jones,Christopher C. Jones,,1,2,4,0.433333,0.466346,0,0,0,11,0.000725,15,0,0,0.039689
Guoqing Zhou,Guoqing Zhou,,2,2,4,0.365741,0.387131,0,0.052386,0.052386,27,0.000873,7,1,1,0.080059
Bao-Liang Sun,Bao-Liang Sun,,3,3,3,0.49375,0.508439,0,0.117723,0.117723,27,0.001312,7,1,3,0.187774
M. Lefsky,M. Lefsky,,2,2,1,1,1,1,0,0,30,0.002112,27,0,0,0.003199
G. Sun,G. Sun,,1,1,2,0.666667,0.75,0,0,0,30,0.001115,27,0,0,0.00199
X. Yu,X. Yu,,1,1,2,0.666667,0.75,0,0,0,30,0.001115,27,0,0,0.00199
David Edward Bakken,David Edward Bakken,,1,1,5,0.307692,0.328205,0,0,0,11,0.000822,15,0,0,0.006491
Nancy K Franz,Nancy K Franz,,1,1,4,0.375,0.422222,0,0,0,10,0.000605,14,0,0,0.006192
Christopher Lain,Christopher Lain,,1,1,5,0.263889,0.283333,0,0,0,13,0.000819,4,0,0,0.004189
Jayakrishna R. Lekkala,Jayakrishna R. Lekkala,,1,2,4,0.371429,0.435897,0,0,0,31,0.000721,1,0,0,0.00518
Wei Kian Chen,Wei Kian Chen,,1,2,4,0.371429,0.435897,0,0,0,31,0.000721,1,0,0,0.00518
Jiquan Chen,Jiquan Chen,,1,1,4,0.333333,0.378415,0,0,0,20,0.000718,11,0,0,0.02365
Robert Van Pelt,Robert Van Pelt,,1,1,4,0.333333,0.378415,0,0,0,20,0.000718,11,0,0,0.02365
Karoly Mirnics,Karoly Mirnics,,1,1,4,0.461988,0.481013,0,0.065337,0.065337,27,0.000657,7,0,0,0.107715
Vivienne A. Russell,Vivienne A. Russell,,1,1,4,0.461988,0.481013,0,0.065337,0.065337,27,0.000657,7,0,0,0.107715
Plamen Petrov,Plamen Petrov,,1,1,5,0.263889,0.283333,0,0,0,13,0.000819,4,0,0,0.004189
Phil Pollock,Phil Pollock,,1,1,5,0.263889,0.283333,0,0,0,13,0.000819,4,0,0,0.004189
Hans-Erik Andersen,Hans-Erik Andersen,,1,1,6,0.226766,0.265301,0,0,0,19,0.000811,11,0,0,0.006061
Mary Ellen Miller,Mary Ellen Miller,,1,1,6,0.226766,0.265301,0,0,0,19,0.000811,11,0,0,0.006061
Kirk Sherrill,Kirk Sherrill,,1,1,6,0.226766,0.265301,0,0,0,19,0.000811,11,0,0,0.006061
Maureen Reindl,Maureen Reindl,,1,1,5,0.394366,0.437202,0,0,0,15,0.000645,8,0,0,0.041039
Curtis E. Dyreson,Curtis E. Dyreson,,1,1,4,0.433333,0.466346,0,0,0,11,0.000725,15,0,0,0.039689
Muralidhar Medidi,Muralidhar Medidi,,1,1,4,0.433333,0.466346,0,0,0,11,0.000725,15,0,0,0.039689
Lana Dubinsky,Lana Dubinsky,,1,2,4,0.401408,0.44152,0,0,0,3,0.000721,4,0,0,0.037291
Seok Chan Koh,Seok Chan Koh,,1,2,4,0.462185,0.483333,0,0,0,8,0.000754,12,0,0,0.046615
Kenneth Gillingham,Kenneth Gillingham,,1,1,5,0.271429,0.296491,0,0,0,13,0.000809,4,0,0,0.00582
Oliver Yu,Oliver Yu,,1,1,4,0.401408,0.44152,0,0,0,3,0.000721,4,0,0,0.037291
Aris M. Onksel,Aris M. Onksel,,1,1,4,0.401408,0.44152,0,0,0,3,0.000721,4,0,0,0.037291
Aravinda Prasad Sistla,Aravinda Prasad Sistla,,1,1,4,0.401408,0.44152,0,0,0,3,0.000721,4,0,0,0.037291
Martin Ryberg,Martin Ryberg,,1,1,4,0.325,0.384615,0,0,0,5,0.000825,6,0,0,0.003268
Felix Hampe,Felix Hampe,,1,1,4,0.325,0.384615,0,0,0,5,0.000825,6,0,0,0.003268
Marisol SÃ¡nchez-GarcÃ_a,Marisol SÃ¡nchez-GarcÃ_a,,1,1,4,0.325,0.384615,0,0,0,5,0.000825,6,0,0,0.003268
Nagui M. Rouphail,Nagui M. Rouphail,,1,1,4,0.401408,0.44152,0,0,0,3,0.000721,4,0,0,0.037291
Joseph Raj,Joseph Raj,,1,1,4,0.401408,0.44152,0,0,0,3,0.000721,4,0,0,0.037291
Richard F. Keep,Richard F. Keep,,1,1,4,0.461988,0.481013,0,0.065337,0.065337,27,0.000657,7,0,0,0.107715
Kjell Harald Gjermundrod,Kjell Harald Gjermundrod,,1,1,4,0.433333,0.466346,0,0,0,11,0.000725,15,0,0,0.039689
David Anderson,David Anderson,,1,1,5,0.270833,0.297756,0,0,0,24,0.000815,15,0,0,0.005636
Fatemeh Vafaee,Fatemeh Vafaee,,1,1,4,0.401408,0.44152,0,0,0,3,0.000721,4,0,0,0.037291
Don Hayes,Don Hayes,,1,1,3,0.482759,0.5,0,0,0,6,0.000738,9,0,0,0.018736
Timothy Mullett,Timothy Mullett,,1,1,3,0.482759,0.5,0,0,0,6,0.000738,9,0,0,0.018736
Mark Bonnell,Mark Bonnell,,1,1,3,0.482759,0.5,0,0,0,6,0.000738,9,0,0,0.018736
Robert T. Maynard,Robert T. Maynard,,1,1,3,0.482759,0.5,0,0,0,6,0.000738,9,0,0,0.018736
A. S. Buist,A. S. Buist,,1,1,3,0.482759,0.5,0,0,0,6,0.000738,9,0,0,0.018736
Sohvi Leih,Sohvi Leih,,1,1,7,0.242131,0.303833,0,0,0,17,0.00078,5,0,0,0.027259
Andreas Hoepner,Andreas Hoepner,,1,1,7,0.242131,0.303833,0,0,0,17,0.00078,5,0,0,0.027259
Sean Lux,Sean Lux,,1,1,7,0.242131,0.303833,0,0,0,17,0.00078,5,0,0,0.027259
Irena Timofeeva,Irena Timofeeva,,1,1,7,0.242131,0.303833,0,0,0,17,0.00078,5,0,0,0.027259
Shan Lu,Shan Lu,,1,1,2,0.518519,0.535714,0,0,0,0,0.000674,0,0,0,0.010416
Richard Mack,Richard Mack,,1,1,2,0.518519,0.535714,0,0,0,0,0.000674,0,0,0,0.010416
Nyal E. Borges,Nyal E. Borges,,1,1,3,0.482759,0.5,0,0,0,6,0.000738,9,0,0,0.018736
Stephanie A. Rose,Stephanie A. Rose,,1,1,3,0.482759,0.5,0,0,0,6,0.000738,9,0,0,0.018736
Joseph Conigliaro,Joseph Conigliaro,,1,1,3,0.482759,0.5,0,0,0,6,0.000738,9,0,0,0.018736
Jonathan P Doh,Jonathan P Doh,,1,2,7,0.242131,0.303833,0,0,0,17,0.00078,5,0,0,0.027259
Michael E. Cummings,Michael E. Cummings,,1,1,7,0.242131,0.303833,0,0,0,17,0.00078,5,0,0,0.027259
Daniel P. Forbes,Daniel P. Forbes,,1,1,7,0.242131,0.303833,0,0,0,17,0.00078,5,0,0,0.027259
Paul M Vaaler,Paul M Vaaler,,1,1,7,0.242131,0.303833,0,0,0,17,0.00078,5,0,0,0.027259
Vijay P. Suchdeo,Vijay P. Suchdeo,,1,1,4,0.333333,0.378415,0,0,0,20,0.000718,11,0,0,0.02365
Hua Tsen,Hua Tsen,,1,1,2,0.511628,0.522727,0,0,0,14,0.000788,16,0,0,0.01525
Sherry Ryan,Sherry Ryan,,1,1,5,0.239316,0.261012,0,0,0,15,0.000736,8,0,0,0.003545
Melissa Estrada-Maravilla,Melissa Estrada-Maravilla,,1,1,5,0.239316,0.261012,0,0,0,15,0.000736,8,0,0,0.003545
W. Adams,W. Adams,,1,1,3,0.345912,0.357576,0,0,0,8,0.000714,12,0,0,0.009639
Jared J. Stewart,Jared J. Stewart,,1,3,4,0.462185,0.483333,0,0,0,8,0.000754,12,0,0,0.046615
Daniel Thomas Cook,Daniel Thomas Cook,,1,1,2,0.538462,0.571429,0,0,0,23,0.0008,17,0,0,0.004741
Jerry A. Cooper,Jerry A. Cooper,,1,2,3,0.5,0.517544,0,0,0,1,0.000703,2,0,0,0.013083
Peter R. Johnston,Peter R. Johnston,,1,2,3,0.5,0.517544,0,0,0,1,0.000703,2,0,0,0.013083
Mark Chong,Mark Chong,,1,1,7,0.242131,0.303833,0,0,0,17,0.00078,5,0,0,0.027259
David L. Deephouse,David L. Deephouse,,1,1,7,0.242131,0.303833,0,0,0,17,0.00078,5,0,0,0.027259
Sabine Einwiller,Sabine Einwiller,,1,1,7,0.242131,0.303833,0,0,0,17,0.00078,5,0,0,0.027259
Lauren A. Oâ€™Donnell,Lauren A. Oâ€™Donnell,,1,1,4,0.461988,0.481013,0,0.065337,0.065337,27,0.000657,7,0,0,0.107715
Christopher K. Surratt,Christopher K. Surratt,,1,1,4,0.461988,0.481013,0,0.065337,0.065337,27,0.000657,7,0,0,0.107715
SlavomÃ_r AdamÄçÃ_k,SlavomÃ_r AdamÄçÃ_k,,1,1,4,0.382353,0.442308,0,0,0,5,0.000811,6,0,0,0.004842
Venu Chakilam,Venu Chakilam,,2,2,4,0.382353,0.474359,0,0,0,31,0.001207,1,1,1,0.008627
Benjamin Wah,Benjamin Wah,,1,1,4,0.351351,0.416667,0,0,0,31,0.000753,1,0,0,0.004447
Ricardo Baeza-Yates,Ricardo Baeza-Yates,,1,1,4,0.351351,0.416667,0,0,0,31,0.000753,1,0,0,0.004447
Teresa C. Frohman,Teresa C. Frohman,,1,2,5,0.306748,0.364,0,0,0,4,0.000601,5,0,0,0.062425
Marilee J. Brown,Marilee J. Brown,,1,1,5,0.306748,0.364,0,0,0,4,0.000601,5,0,0,0.062425
Sara Swaminathan,Sara Swaminathan,,1,1,5,0.306748,0.364,0,0,0,4,0.000601,5,0,0,0.062425
William Adams,William Adams,,4,4,3,0.359477,0.393939,108.75,0,0,8,0.002561,12,0,0,0.020898
Todd Rosenstiel,Todd Rosenstiel,,1,1,4,0.2657,0.283333,0,0,0,8,0.000761,12,0,0,0.004391
Angela Brightwell,Angela Brightwell,,1,1,4,0.2657,0.283333,0,0,0,8,0.000761,12,0,0,0.004391
Fenghua Chen,Fenghua Chen,,1,1,4,0.461988,0.481013,0,0.065337,0.065337,27,0.000657,7,0,0,0.107715
Coleman A. Wenzl,Coleman A. Wenzl,,1,1,4,0.462185,0.483333,0,0,0,8,0.000754,12,0,0,0.046615
Humfredo Marcano-Vega,Humfredo Marcano-Vega,,1,1,4,0.333333,0.378415,0,0,0,20,0.000718,11,0,0,0.02365
Ricardo Basurto,Ricardo Basurto,,1,1,5,0.394366,0.437202,0,0,0,15,0.000645,8,0,0,0.041039
J. Wall,J. Wall,,1,1,1,1,1,0,0,0,32,0.001447,28,0,0,0.001526
S. Post,S. Post,,1,1,1,1,1,0,0,0,32,0.001447,28,0,0,0.001526
Ryan K. Masters,Ryan K. Masters,,1,1,4,0.337349,0.379464,0,0,0,15,0.00062,8,0,0,0.027706
John Paszalek,John Paszalek,,1,1,3,0.5,0.517544,0,0,0,1,0.000703,2,0,0,0.013083
Neyda E. de Leon,Neyda E. de Leon,,1,1,3,0.5,0.517544,0,0,0,1,0.000703,2,0,0,0.013083
Christine V. Hawkes,Christine V. Hawkes,,1,1,3,0.5,0.517544,0,0,0,1,0.000703,2,0,0,0.013083
Fazle Shahnawaz Muhibul Karim,Fazle Shahnawaz Muhibul Karim,,1,1,4,0.401408,0.44152,0,0,0,3,0.000721,4,0,0,0.037291
Peter Csaszar,Peter Csaszar,,1,1,4,0.401408,0.44152,0,0,0,3,0.000721,4,0,0,0.037291
Peng Fan,Peng Fan,,1,1,4,0.401408,0.44152,0,0,0,3,0.000721,4,0,0,0.037291
Alexander Askerman,Alexander Askerman,,1,2,4,0.433333,0.466346,0,0,0,11,0.000725,15,0,0,0.039689
Angela Bates,Angela Bates,,1,1,5,0.306748,0.364,0,0,0,4,0.000601,5,0,0,0.062425
Gary E. Lemack,Gary E. Lemack,,1,1,5,0.306748,0.364,0,0,0,4,0.000601,5,0,0,0.062425
C. M. Cohu,C. M. Cohu,,1,1,2,0.514286,0.527778,0,0,0,12,0.000819,18,0,0,0.011797
Yan Li,Yan Li,,2,2,3,0.490683,0.50211,0,0.098013,0.098013,27,0.000986,7,1,1,0.157736
Francisco Layrisse,Francisco Layrisse,,1,1,5,0.288184,0.3065,0,0,0,17,0.000719,5,0,0,0.011815
David E Bakken,David E Bakken,,2,2,1,1,1,1,0,0,33,0.002112,29,0,0,0.003199
David A Karr,David A Karr,,1,1,2,0.666667,0.75,0,0,0,33,0.001115,29,0,0,0.00199
Christopher C Jones,Christopher C Jones,,1,1,2,0.666667,0.75,0,0,0,33,0.001115,29,0,0,0.00199
Andrew Z. Fire,Andrew Z. Fire,,1,1,2,0.511628,0.522727,0,0,0,14,0.000788,16,0,0,0.01525
Stephen Levene,Stephen Levene,,1,1,1,1,1,0,0,0,34,0.001447,30,0,0,0.001526
Andrew Fire,Andrew Fire,,1,1,1,1,1,0,0,0,34,0.001447,30,0,0,0.001526
Walter Hu,Walter Hu,,1,1,2,0.511628,0.522727,0,0,0,14,0.000788,16,0,0,0.01525
Steven Kahl,Steven Kahl,,1,1,7,0.242131,0.303833,0,0,0,17,0.00078,5,0,0,0.027259
Brandon H. Lee,Brandon H. Lee,,1,1,7,0.242131,0.303833,0,0,0,17,0.00078,5,0,0,0.027259
Jean-Baptiste Litrico,Jean-Baptiste Litrico,,1,1,7,0.242131,0.303833,0,0,0,17,0.00078,5,0,0,0.027259
Jakomijn van Wijk,Jakomijn van Wijk,,1,1,7,0.242131,0.303833,0,0,0,17,0.00078,5,0,0,0.027259
Edward T. Walker,Edward T. Walker,,1,1,7,0.242131,0.303833,0,0,0,17,0.00078,5,0,0,0.027259
Qing Sun,Qing Sun,,1,1,4,0.461988,0.481013,0,0.065337,0.065337,27,0.000657,7,0,0,0.107715
Jennifer L. Bufford,Jennifer L. Bufford,,1,1,3,0.5,0.517544,0,0,0,1,0.000703,2,0,0,0.013083
Philip E. Hulme,Philip E. Hulme,,1,1,3,0.5,0.517544,0,0,0,1,0.000703,2,0,0,0.013083
Joel D. Reece,Joel D. Reece,,1,1,5,0.306748,0.364,0,0,0,4,0.000601,5,0,0,0.062425
Ollie Jay,Ollie Jay,,2,2,5,0.314465,0.379,50.258859,0,0,4,0.000903,5,0,0,0.07614
Anurag Srivastava,Anurag Srivastava,,1,1,4,0.433333,0.466346,0,0,0,11,0.000725,15,0,0,0.039689
Maik G. Seewald,Maik G. Seewald,,1,1,4,0.433333,0.466346,0,0,0,11,0.000725,15,0,0,0.039689
Irene Henriques,Irene Henriques,,2,3,5,0.355872,0.393167,1089,0,0,17,0.001283,5,0,0,0.039074
Bryan Husted,Bryan Husted,,1,2,5,0.288184,0.3065,0,0,0,17,0.000719,5,0,0,0.011815
Angus W. Thomson,Angus W. Thomson,,1,1,4,0.461988,0.481013,0,0.065337,0.065337,27,0.000657,7,0,0,0.107715
Fang Yu,Fang Yu,,1,1,4,0.461988,0.481013,0,0.065337,0.065337,27,0.000657,7,0,0,0.107715
Yuguo Xia,Yuguo Xia,,1,1,4,0.461988,0.481013,0,0.065337,0.065337,27,0.000657,7,0,0,0.107715
Oliver E. Jay,Oliver E. Jay,,1,1,5,0.306748,0.364,0,0,0,4,0.000601,5,0,0,0.062425
Robert E. Stratford,Robert E. Stratford,,1,1,4,0.461988,0.481013,0,0.065337,0.065337,27,0.000657,7,0,0,0.107715
Darius P. Zlotos,Darius P. Zlotos,,1,1,4,0.461988,0.481013,0,0.065337,0.065337,27,0.000657,7,0,0,0.107715
Paula A. Wittâ€êEnderby,Paula A. Wittâ€êEnderby,,1,1,4,0.461988,0.481013,0,0.065337,0.065337,27,0.000657,7,0,0,0.107715
Robert Salomon,Robert Salomon,,1,1,7,0.242131,0.303833,0,0,0,17,0.00078,5,0,0,0.027259
Edward J. Calabrese,Edward J. Calabrese,,1,1,4,0.461988,0.481013,0,0.065337,0.065337,27,0.000657,7,0,0,0.107715
Walter J. Kozumbo,Walter J. Kozumbo,,1,1,4,0.461988,0.481013,0,0.065337,0.065337,27,0.000657,7,0,0,0.107715
Jeffrey M. Gidday,Jeffrey M. Gidday,,1,1,4,0.461988,0.481013,0,0.065337,0.065337,27,0.000657,7,0,0,0.107715
Thomas E. Johnson,Thomas E. Johnson,,1,1,4,0.461988,0.481013,0,0.065337,0.065337,27,0.000657,7,0,0,0.107715
Hongfeng Mu,Hongfeng Mu,,1,1,4,0.461988,0.481013,0,0.065337,0.065337,27,0.000657,7,0,0,0.107715
Jingyan Zhao,Jingyan Zhao,,1,1,5,0.278169,0.298945,0,0.012965,0.012965,27,0.000561,7,0,0,0.020496
Tarun N Bhatia,Tarun N Bhatia,,1,1,5,0.278169,0.298945,0,0.012965,0.012965,27,0.000561,7,0,0,0.020496
Jim Vander Hooven,Jim Vander Hooven,,1,1,7,0.242131,0.303833,0,0,0,17,0.00078,5,0,0,0.027259
Tarun N. Bhatia,Tarun N. Bhatia,,1,1,4,0.461988,0.481013,0,0.065337,0.065337,27,0.000657,7,0,0,0.107715
Joseph W. Wagenbrenner,Joseph W. Wagenbrenner,,1,1,6,0.226766,0.265301,0,0,0,19,0.000811,11,0,0,0.006061
Pranavamoorthy Balasubramanian,Pranavamoorthy Balasubramanian,,1,1,5,0.270833,0.297756,0,0,0,24,0.000815,15,0,0,0.005636
Thoshitha Gamage,Thoshitha Gamage,,1,1,5,0.270833,0.297756,0,0,0,24,0.000815,15,0,0,0.005636
Santiago Grijalva,Santiago Grijalva,,1,1,5,0.270833,0.297756,0,0,0,24,0.000815,15,0,0,0.005636
Kory W. Hedman,Kory W. Hedman,,1,1,5,0.270833,0.297756,0,0,0,24,0.000815,15,0,0,0.005636
Kenneth Birman,Kenneth Birman,,1,1,5,0.270833,0.297756,0,0,0,24,0.000815,15,0,0,0.005636
Benjamin W. Wah,Benjamin W. Wah,,1,1,4,0.351351,0.416667,0,0,0,31,0.000753,1,0,0,0.004447
Ricardo A. Baeza Yates,Ricardo A. Baeza Yates,,1,1,4,0.351351,0.416667,0,0,0,31,0.000753,1,0,0,0.004447
Monique E. Rocca,Monique E. Rocca,,1,1,4,0.333333,0.378415,0,0,0,20,0.000718,11,0,0,0.02365
Xin Li,Xin Li,,1,1,4,0.401408,0.44152,0,0,0,3,0.000721,4,0,0,0.037291
Peter Muennig,Peter Muennig,,2,2,4,0.352201,0.403274,64.5,0,0,15,0.001139,8,0,0,0.031251